iteration,rho_inner,rho_annulus,rho_bgsub,rho_delta
0,-0.15948494524186088,-0.2618393960192175,-0.37326549491211836,-0.4149383784428993
1,-0.17354003163140458,-0.04267255528035569,-0.36850586374623256,-0.42318940049535964
2,0.11784190265882842,-0.10154874518814716,-0.3607024559099996,-0.4060457760138461
3,-0.01107099161469368,-0.008907522902927395,-0.3469159380501924,-0.4049416609471516
4,-0.26389842141386405,0.047655993554355285,-0.4088657455760794,-0.4572080809286503
5,-0.2116469219062397,-0.12845035958342035,-0.3670585777804303,-0.4227567067530064
6,-0.1505028199695622,0.07840709020918503,-0.396078899465847,-0.4380352720002386
7,-0.01902360418966906,-0.03281012204947629,-0.40022679120288857,-0.4715764972695532
8,0.061726000417773264,-0.08962728656262121,-0.33500939989854067,-0.3775476709140282
9,-0.01891916087254931,-0.0759899734415565,-0.35069081794037776,-0.3980633224911223
10,-0.16487123631046519,-0.07536331353883798,-0.366029065083107,-0.42475605025215596
11,-0.03767419653248187,-0.09571483990331532,-0.350168601354779,-0.4086419384679657
12,-0.01645728268329802,0.14201307033511384,-0.3801139924203992,-0.4333353227298498
13,-0.1702426069051953,0.06447136761063531,-0.3717436065769448,-0.41839992838172535
14,-0.016561726000417772,-0.2589149831398645,-0.3333979887201217,-0.3922443376801647
15,-0.15666497567962756,-0.17462922622422486,-0.3963325475217092,-0.45491032795201564
16,-0.22397123332637042,-0.08025722896959206,-0.40218137328041537,-0.4541493837844289
17,-0.2214198322938736,-0.0729312762973352,-0.3990182328190743,-0.4532690758258482
18,-0.053176568887827874,-0.006251678553310852,-0.38166572170332125,-0.43476768822177786
19,-0.08779206827608843,-0.08510638297872339,-0.3724001074274118,-0.42429351556205414
20,-0.09550595326907581,-0.014651905344513737,-0.37029632061114254,-0.41957864581779114
21,0.029796186326877735,-0.06268091074572528,-0.35365999224135347,-0.39305004326937415
22,-0.0366446838351586,-0.012443675211124704,-0.3557637790576228,-0.39415415833606865
23,-0.12679418698337858,0.06587389215481483,-0.4192056339709348,-0.4722329981200202
24,-0.10523410223508697,-0.42223449016740766,-0.34229059114917487,-0.4000477455163975
25,-0.1348512428754737,-0.16482647488884242,-0.33970934916892953,-0.38945420906567985
26,0.06981289725761688,-0.22420996090835843,-0.34100743039598935,-0.3732953358598669
27,-0.21628718928113155,-0.2330876428635373,-0.38779803646563804,-0.4285309301423412
28,-0.20569365283041388,-0.0890901495031482,-0.4100444630121452,-0.46314642953060176
29,-0.07770582793709527,-0.07509474500910147,-0.37326549491211836,-0.4509713228492136
30,-0.0970129211303751,-0.28729372444868845,-0.36129927486496966,-0.4381546357912327
31,-0.024141326728536895,-0.1760019098206559,-0.34936289576556945,-0.3963922294172062
32,-0.09960908358449463,-0.1485929993136582,-0.3505565336755095,-0.3979588791740025
33,0.05399719495091163,-0.009668467070514159,-0.3611053087046044,-0.40437468293993006
34,-0.29035242159290975,-0.08958252514099846,-0.3800543105249022,-0.4312912178090776
35,-0.0671719733818746,-0.05438512727164214,-0.3491390886574557,-0.38976753901703914
36,-0.08997045746172896,-0.1426844916594551,-0.36835665900749,-0.42210020590253944
37,0.06080093103756974,-0.16126048163289664,-0.3537196741368505,-0.4030019993434991
38,-0.20940885082510216,-0.25519978514517616,-0.38596281817910527,-0.4326042195100115
39,-0.24102533496463843,0.02209722180776461,-0.3883202530512368,-0.42196592163767116
40,-0.035719614454955084,-0.09766942198084208,-0.3467219718898272,-0.39994330219927776
41,0.09055235594282474,-0.23062576467428603,-0.3257288651487571,-0.3717734475246933
42,-0.15684402136611858,-0.15979827519322012,-0.3482289397511265,-0.3971382531109187
43,0.036092626301811336,-0.18116439378114646,-0.34839306496374317,-0.39197576915042814
44,-0.08025722896959206,-0.22092745665602337,-0.32925009698308016,-0.3728775625913878
45,-0.03395899853779356,0.0044463012145265724,-0.3594491361045626,-0.4173256542627793
46,-0.05911491748977946,-0.17331622452329082,-0.3403509295455223,-0.39842141386410423
47,-0.06957416967562888,-0.2983647160633821,-0.3629256065172629,-0.40643370833457665
48,-0.03075109665482975,-0.09085076542030975,-0.3518695353764435,-0.41088000954910325
49,-0.13025573692220463,-0.14926442063799944,-0.3610754677568559,-0.4136402972158395
50,-0.06857449792605412,-0.1799558353973322,-0.3898719823341588,-0.4324550147712691
51,-0.05633970934916892,0.03540628450359583,-0.3513920802124675,-0.4068514816030556
52,-0.39148339351257794,-0.2689266211094864,-0.42254782011876696,-0.4659514786189609
53,-0.2427859508818,-0.03622691056667959,-0.4024648622840261,-0.45212019933753095
54,0.02599146548894393,-0.10860612933066752,-0.3599713526901614,-0.42497985736026966
55,0.02614067022768643,-0.11672286711825966,-0.3448867536032944,-0.3872012175106681
56,0.02699113723851869,-0.19695025514010323,-0.31985019844230245,-0.3717734475246933
57,-0.23544507773566883,-0.1942048879472412,-0.4058965712751037,-0.45000149204738743
58,-0.10729312762973349,-0.19808421115454622,-0.35643520038196413,-0.424338276983677
59,0.005102802064993584,-0.15153233266688548,-0.3518098534809465,-0.40556832084987016
60,0.07212557070812567,-0.005774223389334844,-0.3551669601026528,-0.41325236489510897
61,-0.12997224791859388,-0.022694040762734617,-0.3823819044492852,-0.4180865984303661
62,-0.15175613977499924,0.027423830980871946,-0.3965712751036973,-0.4472859658022738
63,-0.06632150637104234,-0.3043478260869565,-0.31973083465130847,-0.3604488078541374
64,-0.33359195488048693,0.07588553012443675,-0.4011369401092178,-0.45744680851063824
65,-0.0666945182178986,-0.3600011936379099,-0.37056488914087904,-0.4015397929038226
66,-0.11038166572170328,-0.3566739279639521,-0.33489003610754675,-0.3753991226761361
67,-0.14437050520724534,-0.12007997373996597,-0.3601503983766524,-0.41586344782310286
68,0.03210885977738652,-0.2705529527617797,-0.3367849362895765,-0.3868132851899376
69,-0.16402076929963294,-0.17649428545850615,-0.39588493330548175,-0.44747993196263913
70,-0.10505505654859595,-0.18371579481364322,-0.34472262839067763,-0.40700068634179815
71,-0.12694339172212107,-0.25803467518128376,-0.38494822595565625,-0.44185491331204674
72,-0.07706424756050251,-0.031482199874668014,-0.3745635761391782,-0.4313956611261973
73,-0.14038673868282053,-0.31592611381337465,-0.35048193130613825,-0.4004804392587508
74,-0.12680910745725282,-0.09162663006177076,-0.39921219897943955,-0.4332159589388558
75,0.06999194294410789,0.022798484079854374,-0.3573155083405448,-0.41316284205186354
76,0.03576437587657783,-0.007012622720897615,-0.36286592462176587,-0.4170720062069171
77,-0.1712870400763928,-0.16073826504729788,-0.35719614454955084,-0.4064038673868281
78,-0.07206588881262868,-0.19056429232192415,-0.3676404762615261,-0.4122228521977857
79,0.011936379099400195,-0.03097490376294351,-0.36529796186326874,-0.4295753633135388
80,-0.03286980394497328,0.00020888663423950345,-0.37138551520396285,-0.42575572200173073
81,0.04783503924084628,-0.16384172361314195,-0.30971919668168657,-0.35986690937304167
82,0.1008474829160574,-0.13238936468622242,-0.3487213153889767,-0.3814866760168303
83,-0.07212557070812567,-0.20645459699800062,-0.35947897705231113,-0.4094476440571752
84,-0.009817671809256662,-0.17145116528900953,-0.35612187043060484,-0.3773387842797887
85,-0.07384142520366445,-0.08249530005072961,-0.3677896810002685,-0.4317089910775566
86,-0.11129181462803257,-0.2560054907343857,-0.366864611620065,-0.4426009370057592
87,0.010578615976843423,0.1512190027155262,-0.37666736295544745,-0.4304705917459938
88,-0.24245770045656648,-0.08527050819134015,-0.40343469308585234,-0.46723463937214643
89,-0.12188535107875025,-0.17542001133956012,-0.36279132225239474,-0.4115066694518218
90,-0.11164990600101457,-0.11059055235594281,-0.3888723105845841,-0.44042254782011864
91,-0.1713765629196383,0.10039986869982988,-0.40344961355972664,-0.45313479156097985
92,-0.06051744203395899,-0.31243472292680013,-0.3586732714631016,-0.4064038673868281
93,-0.03471994270538031,-0.24409895258273395,-0.3614932410253349,-0.41372982005908504
94,0.028483184625943715,-0.21727194055683205,-0.3514368416340902,-0.38923040195756614
95,-0.006191996657813852,-0.2430395989376622,-0.33867983647160627,-0.37316105159499857
96,-0.0013130017009340216,-0.3027364149085374,-0.338366506520247,-0.39782459490913424
97,-0.07200620691713168,0.06254662648085701,-0.3786667064545969,-0.43427531258392765
98,-0.16901912804750677,-0.07096177374593415,-0.37105726477872925,-0.4305153531676165
99,-0.06972337441437139,-0.3271612306406851,-0.36467130196055025,-0.40777655098325916
100,0.02442481573214765,-0.04586553668944525,-0.31896989048372176,-0.3654471666020112
101,-0.14556414311718538,-0.07412491420727521,-0.39928680134881084,-0.4542239861538001
102,-0.029229208319656228,-0.18674465101011606,-0.3622243442451732,-0.41302855778699527
103,-0.13537345946107246,-0.20369430933126434,-0.3710871057264778,-0.41866849691146185
104,-0.1672286711825967,-0.22362806242726266,-0.3840529975232013,-0.42866521440720956
105,-0.07951120527587956,-0.21148279669362297,-0.3655068484975082,-0.4233833666557249
106,-0.3151054877502909,-0.07724329324699351,-0.41544567455462383,-0.47932022321028905
107,-0.15532213303094503,-0.15330786905792124,-0.3626719584614007,-0.42820267971710774
108,-0.11970696189310971,-0.04801408492733729,-0.3739219957625854,-0.41563964071498904
109,0.009295455223657902,0.02990062964399749,-0.3722807436364179,-0.4158037659276058
110,-0.1236907284175345,-0.06042791919071349,-0.37808480797350114,-0.4276357017098863
111,-0.10342872489630268,0.03594342156306884,-0.3576586792396526,-0.3889469129539554
112,0.045552206738085986,-0.23223717585270506,-0.33263704455253496,-0.392856077109009
113,0.02021724209960908,-0.004670108322640326,-0.3780102056041299,-0.44042254782011864
114,-0.25326012354152366,0.02628987496642893,-0.39199068962430234,-0.4563874548655664
115,0.012458595684998953,-0.05014771269135507,-0.3753842022022619,-0.41067112291486374
116,-0.08923935424189071,-0.09632657933215957,-0.3568529736504431,-0.4067768792336844
117,-0.20682760884485688,-0.184775148458715,-0.3695950583390528,-0.4092984393184327
118,-0.07005162483960489,-0.09932559458088387,-0.36543224612813696,-0.419041508758318
119,-0.21627226880725728,-0.2905016263316523,-0.3825907910835248,-0.4282922025603533
120,-0.03777863984960162,-0.12689863030049833,-0.349631464295306,-0.39822744770373897
121,-0.2041419235474918,-0.08797111396257944,-0.3847691802691653,-0.4352153024380054
122,-0.03125839276655426,-0.13662677926650948,-0.34351407000686335,-0.4003461549938826
123,-0.11775237981558292,0.09926591268538687,-0.37356390438960335,-0.42639730237832346
124,-0.0678583151800901,-0.1421921160216048,-0.3744889737698069,-0.4323356509802751
125,0.07606457581092774,-0.22186744651010112,-0.3200143236549192,-0.37093790098773527
126,0.01769568201486079,-0.1942794903166124,-0.33118975858673266,-0.36467130196055025
127,-0.0490585180985348,-0.24459132822058427,-0.3518247739548207,-0.40149503148219984
128,-0.07518426785234698,-0.30752588702217176,-0.352615559070156,-0.4087613022589597
129,-0.031034585658440507,-0.03260123541523678,-0.34518516308077934,-0.4055384799021216
130,-0.13726835964310224,-0.17082450538629104,-0.39025991465488935,-0.441989197576915
131,-0.15497896213183726,-0.1250484915400913,-0.3842171227358181,-0.44821103518247735
132,-0.006833577034406612,-0.18950493867685234,-0.3690579212795797,-0.4262779385873295
133,-0.014443018710274239,0.010668138820088923,-0.38955865238279963,-0.42774014502700597
134,0.042583032437110195,0.1533227895317955,-0.38088985706186024,-0.4183402464862283
135,-0.23134194742025002,-0.13631344931515021,-0.37726418191041744,-0.4357225985497299
136,-0.13820834949718003,-0.03861418638655963,-0.37220614126704665,-0.43297723135686783
137,-0.07482617647936497,-0.10196651845662616,-0.33993315627704335,-0.40310644266061885
138,-0.23393810987436955,-0.07819820357494553,-0.3896332547521708,-0.4470472382202858
139,-0.11188863358300259,-0.16898928709975825,-0.3846647369520455,-0.42374145802870694
140,0.03692817283876935,-0.13622392647190473,-0.34581182298349794,-0.38923040195756614
141,-0.18332786249291272,-0.12093044075079822,-0.3580764525081316,-0.41253618214914506
142,0.006385962818179105,-0.13028557786995312,-0.3721763003192981,-0.43570767807585564
143,-0.09196980096087849,-0.3083017516636328,-0.36787920384351397,-0.4095968487959177
144,-0.16533377100056695,0.03774879890185312,-0.3842320432096923,-0.44140729909581916
145,0.03855450449106263,-0.06512786846110231,-0.3606576944883769,-0.4056727641669899
146,-0.12855480290054008,-0.3393363373220733,-0.3440810480140849,-0.40943272358330096
147,-0.08119721882366983,-0.1705111754349318,-0.3570021783891856,-0.413133001104115
148,-0.1598579570887171,-0.1033690430008057,-0.37641371489958514,-0.42575572200173073
149,0.09122377726716599,-0.13353824117453966,-0.3248933186117991,-0.36556653039300524
150,-0.07273731013696995,-0.23268479006893256,-0.3398585539076721,-0.3954373190892542
151,-0.2497388917072006,-0.3868878875593088,-0.35837486198561663,-0.39910775566231976
152,-0.2086180657097669,-0.09046283309957921,-0.40637402643907966,-0.43190295723792177
153,0.04237414580287069,-0.29943899018232817,-0.3495121005043119,-0.399242039927188
154,-0.08776222732833994,-0.2713437378771149,-0.35907612425770635,-0.3789800364059562
155,0.08462892781474739,-0.08428575691563962,-0.3442004118050789,-0.4061502193309659
156,-0.1254961057563188,-0.017248067798633283,-0.35380919698009605,-0.41043239533287573
157,-0.1878636865506848,-0.10545790934320072,-0.38072573184924347,-0.4390498642236877
158,0.03959893766226015,-0.1749127152278356,-0.3435886723762346,-0.3993912446659305
159,0.016099191310316015,-0.05989078213124048,-0.3404852138103906,-0.3886783444242189
160,0.029303810689027474,-0.0399421085613679,-0.33970934916892953,-0.38088985706186024
161,-0.14704127003073614,-0.1241234221598878,-0.38454537316105153,-0.42381606039807823
162,-0.051669601026528594,-0.20793172391155143,-0.3503028856196472,-0.4041061144101936
163,-0.2032616155889111,0.025021634687117662,-0.39866014144609224,-0.4618632687774163
164,-0.23595237384739337,0.0029094924054787977,-0.4093730416878039,-0.47523201336874454
165,-0.17325654262779383,-0.19521948017069018,-0.39033451702426064,-0.44510757661663325
166,-0.037972606009966874,-0.13219539852585716,-0.3496762257169287,-0.37944257109605795
167,-0.12146757781027123,-0.2417564381844767,-0.368476022798484,-0.43458864253528684
168,-0.040807496046074414,-0.10172779087463817,-0.3503178060935215,-0.40380770493270857
169,-0.31896989048372176,-0.08707588553012442,-0.4012264629524633,-0.4665781385216793
170,-0.08707588553012442,-0.20373907075288708,-0.3788606726149622,-0.443719972546328
171,-0.15817194354092684,-0.06899227119453313,-0.3976157082748948,-0.4378562263137476
172,-0.0699621019963594,-0.1916534869147444,-0.3741607233445734,-0.42963504520903584
173,0.06532183462146757,0.0550565485959834,-0.37859210408522564,-0.4189221449673241
174,0.12125869117603173,-0.14528065411357463,-0.32044701739727244,-0.37450389424368113
175,0.1222583629256065,-0.1380591447584375,-0.32365491928023626,-0.36168720718570024
176,-0.17188385903136283,-0.10624869445853599,-0.38654471666020107,-0.43705052072453815
177,-0.3598370684252931,-0.06885798692966488,-0.4541493837844289,-0.4822893975112649
178,-0.16731819402584225,-0.10318999731431469,-0.37969621915192014,-0.42307003670436566
179,-0.12598848139416907,-0.14689206529199367,-0.3617319686073229,-0.4090298707886962
180,-0.11731968607322968,-0.24177135865835095,-0.34918385007907843,-0.39601921757034997
181,-0.013846199755304227,-0.04317985139208021,-0.3630598907821312,-0.40142042911282855
182,0.0183521828653278,-0.1093969144460028,-0.36547700754975976,-0.4263674614305749
183,-0.12719703977798333,-0.0701411476828504,-0.34637880099071944,-0.4006744054191161
184,-0.1186625287219122,-0.1620214258004834,-0.37444421234818415,-0.41422219569693525
185,-0.1508310703947957,0.012503357106621704,-0.37278803974814234,-0.4312762973352033
186,-0.07512458595684998,-0.2667631523977201,-0.35862851004147883,-0.4080152785652472
187,0.01659156694816627,-0.1713765629196383,-0.3490495658142102,-0.40286771507863084
188,-0.13156873862313864,0.027229864820506693,-0.3812777893825907,-0.4169974038375458
189,0.1154247858911999,-0.02503655516099191,-0.33287577213452296,-0.3904240398675061
190,-0.1038464981647817,-0.25493121661543966,-0.34819909880337796,-0.41219301125003727
191,-0.005117722538867833,-0.20605174420339586,-0.3503178060935215,-0.39533287577213444
192,-0.12668974366625882,-0.2941123810092208,-0.35318253707737757,-0.4027781922353853
193,-0.11211244069111635,-0.10289158783682968,-0.37604070305272896,-0.4187430992808331
194,-0.0862701799409149,0.1442959028378741,-0.3778460803915132,-0.43545403001999333
195,-0.184178329503745,0.08410671122914862,-0.3803676404762614,-0.43828892005610093
196,-0.1735997135269016,-0.09587896511593205,-0.3723702664796633,-0.42239861538002443
197,-0.17188385903136283,-0.19250395392557665,-0.3986153800244695,-0.43088836501447275
198,-0.16103667452478287,-0.23496762257169285,-0.3702814001372683,-0.44465996240040573
199,-0.10609948971979348,-0.16636328369789022,-0.3408731461311211,-0.3722807436364179
200,-0.0700814657873534,-0.2240607561696159,-0.3305630986840142,-0.38481394169078803
201,-0.08673271463101667,-0.2057085733042881,-0.368714750380472,-0.39621318373071523
202,-0.10136969950165614,-0.17303273551968007,-0.3518695353764435,-0.4126107845185163
203,-0.12500373011846855,-0.3283399480767508,-0.3557488585837486,-0.42280146817462916
204,-0.12188535107875025,-0.17346542926203334,-0.3763540330040882,-0.42618841574408395
205,0.04541792247321774,-0.17289845125481182,-0.3520635015368087,-0.39900331234520003
206,-0.10827787890543401,-0.19062397421742114,-0.38518695353764426,-0.44127301483095094
207,-0.023499746351944135,-0.3875593088836501,-0.34557309540150993,-0.39886902808033176
208,-0.05222165855987585,-0.244218316373728,-0.35269016143952725,-0.3924681447882784
209,-0.00552057533347259,-0.21506371042344302,-0.36301512936050845,-0.4107158843364865
210,-0.08077944555519083,-0.12281042045895377,-0.35906120378383216,-0.42441287935304817
211,-0.08952284324550147,-0.026110829279937926,-0.381531437438453,-0.4346334039569096
212,-0.045492524842589,-0.34540897018889316,-0.3364119244427202,-0.398585539076721
213,-0.07552743875145473,-0.11824475545343319,-0.35176509205932377,-0.41104413476171997
214,-0.1509504341857897,-0.1497866372235982,-0.3745635761391782,-0.4324848557190175
215,-0.1956521739130434,-0.2021724209960908,-0.4142520366446838,-0.4577750589358717
216,-0.11200799737399657,-0.2175852705081913,-0.3881561278386201,-0.43558831428486167
217,-0.009384978066903402,-0.11566351347318789,-0.38045716331950696,-0.4270687237026648
218,-0.13283697890244994,-0.10938199397212854,-0.37936796872668677,-0.4320372415027901
219,-0.12100504312016948,-0.13652233594938976,-0.3648055862254185,-0.4159678911402226
220,-0.004043448419921816,-0.10250365551609919,-0.34852734922861145,-0.3960341380442242
221,-0.05498194622661214,0.004073289367670317,-0.3760705440004774,-0.42606905195309
222,-0.07233445734236517,-0.2652711050102951,-0.35374951508459906,-0.3890811972188236
223,0.029139685476410725,-0.12494404822297155,-0.34954194145206047,-0.40717973202828917
224,-0.16972039031959651,-0.17894124317388316,-0.35427173167019776,-0.42638238190444927
225,-0.17823998090179344,-0.03449613559726657,-0.382426665870908,-0.43357405031183777
226,-0.09538658947808182,-0.12475008206260628,-0.3701023544507773,-0.41574408403210883
227,-0.10751693473784725,-0.06627674494941958,-0.3895288114350511,-0.4404971501894899
228,-0.042448748172241944,-0.1731819402584226,-0.3379934946733908,-0.4067768792336844
229,0.11421622750738562,0.011518605830921187,-0.34337978574199507,-0.40495658142102586
230,-0.05847333711318671,0.14893617021276595,-0.3883650144728596,-0.42138402315657536
231,-0.12843543910954608,-0.0483423353525708,-0.3808450956402375,-0.4303213870072513
232,-0.03163140461341052,-0.06491898182686281,-0.38145683506908173,-0.4266211094864373
233,0.06314344543582703,-0.15924621765987287,-0.34540897018889316,-0.4127003073617618
234,-0.023768314881680637,-0.019709945987884572,-0.34646832383396486,-0.39472113634329015
235,-0.3079735012383993,-0.18520784220106828,-0.4178926322700008,-0.46410133985855384
236,-0.30203515263644765,-0.244695771537704,-0.40394198919757685,-0.45702903524215927
237,-0.10362269105666795,-0.3880666049953746,-0.34614007340873143,-0.41183491987705517
238,-0.16881024141326728,-0.022992450240219623,-0.38596281817910527,-0.44621169168332775
239,-0.07026051147384439,-0.13352332070066544,-0.36449225627405923,-0.3946316135000447
240,-0.19453313837247468,-0.22128554802900538,-0.38275491629614156,-0.43899018232819065
241,-0.07825788547044253,-0.19954641759422279,-0.36470114290829864,-0.4154605950284981
242,-0.04085225746769716,-0.10365253200441644,-0.38479902121691384,-0.44489868998239374
243,-0.1254662648085703,-0.19690549371848046,-0.39660111605144577,-0.43963176270478344
244,-0.06354629823043179,-0.14560890453880812,-0.3488705201277192,-0.40249470323177455
245,-0.2518277580495956,-0.035958342036943085,-0.40061472352361904,-0.444734564769777
246,0.04758139118498403,-0.20461937871146785,-0.34851242875473726,-0.40247978275790036
247,-0.1887738354570141,0.14128196711527555,-0.40743338008415136,-0.4652502163468711
248,-0.19512995732744468,-0.0091462504849154,-0.3902897556026379,-0.4656829100892244
249,0.07606457581092774,-0.1831935782280445,-0.33850079078511525,-0.39313956611261974
250,-0.12422786547700752,-0.2219420488794724,-0.3689087165408373,-0.42301035480886867
251,-0.12425770642475603,0.004043448419921816,-0.39940616513980476,-0.44850944465996234
252,-0.3611799110739757,-0.16972039031959651,-0.3968249231595595,-0.4498970487302676
253,-0.19247411297782813,-0.1503834561785682,-0.37726418191041744,-0.4320969233982871
254,-0.001521888335173525,-0.1894303363074811,-0.34030616812389963,-0.3894094476440571
255,-0.10527886365670971,-0.27443227596908476,-0.3475276774790367,-0.3901853122855181
256,-0.08380830175166362,-0.36671540688132254,-0.37095282146160957,-0.4279490316612455
257,-0.02815493420071021,-0.09567007848169257,-0.39006594849452414,-0.4422577661066514
258,-0.289770523111814,-0.059577452179881224,-0.41483393512577954,-0.47491868341738525
259,-0.08152546924890333,-0.1741368505863746,-0.355898063322491,-0.4079705171436245
260,-0.07133478559279041,-0.016173793679687264,-0.34415565038345614,-0.40391214824982835
261,-0.09067171973381873,-0.076556951448778,-0.39258750857927244,-0.4365879860344364
262,-0.1037868162692847,-0.23383366655724983,-0.3738473933932141,-0.4330070723046163
263,-0.11339560144430184,-0.13219539852585716,-0.37266867595714837,-0.42321924144310813
264,0.0006266599027185102,-0.04843185819581629,-0.3414550446122169,-0.4007191668407388
265,-0.12774909731133058,-0.17009340216645277,-0.380337799528513,-0.41711676762853983
266,-0.1653785324221897,-0.04901375667691205,-0.398764584763212,-0.444436155292292
267,-0.17513652233594934,-0.258586732714631,-0.357330428814419,-0.39809316343887075
268,-0.006938020351526363,-0.11878189251290619,-0.35383903792784455,-0.3902151532332666
269,-0.1144549550893736,-0.2895019545820775,-0.35078034078362325,-0.4163707439348273
270,0.005087881591119333,-0.20229178478708484,-0.35558473337113183,-0.39910775566231976
271,0.010369729342603919,-0.1409984781116648,-0.33685953865894774,-0.3843066455790635
272,-0.05914475843752797,0.03570469398108084,-0.3899465847035301,-0.4343946763749216
273,-0.09159678911402225,-0.1664528065411357,-0.3394258601653188,-0.3924084628927815
274,-0.07469189221449672,-0.0003431708991077556,-0.38955865238279963,-0.43515562054250834
275,-0.10712900241711674,-0.23757870549968663,-0.35264540001790456,-0.4100743039598937
276,0.03495867028736832,-0.23471397451583056,-0.3304138939452717,-0.3867386828205664
277,-0.2623616126048163,-0.08295783474083135,-0.36775984005252005,-0.43142550207394587
278,-0.2891289427352212,-0.21190056996210196,-0.39742174211452946,-0.45091164095371666
279,-0.22276267494255614,-0.2852645400017904,-0.3616722867118259,-0.4244427203007967
280,-0.14563874548655664,-0.23196860732296853,-0.37798036465638135,-0.41853421264659363
281,-0.1417743427531258,-0.20766315538181487,-0.34332010384649814,-0.4037331025633374
282,0.038435140700068635,-0.0707678075855689,-0.32614663841723607,-0.38362030378084805
283,-0.1775834800513264,-0.30372116618423795,-0.3771895795410462,-0.4197427710304079
284,-0.24078660738265045,-0.24579988660439853,-0.3828145981916385,-0.43872161379845415
285,-0.17439049864223685,-0.1682283429321715,-0.36974426307779523,-0.4235176509205932
286,-0.09658022738802183,0.05962221360150397,-0.38420220226194374,-0.4343648354271731
287,-0.1037868162692847,-0.288815612783862,-0.36579033750111895,-0.4252036644683835
288,-0.13085255587717465,-0.12131837307152872,-0.38993166422965586,-0.43833368147772367
289,0.023693712512309388,-0.18422309092536776,-0.3692220464921965,-0.4215929097908149
290,-0.017471874906747037,-0.34230551162304906,-0.3389334845274686,-0.3967204798424397
291,-0.15009996717495744,0.021619766643788604,-0.4091193936319417,-0.47075587120646945
292,-0.08561367909044791,0.02370863298618364,-0.35737519023604186,-0.42548715347199423
293,-0.15490435976246603,-0.03901703918116439,-0.37160932231207655,-0.41544567455462383
294,-0.10208588224762016,-0.31119632359523736,-0.3589567604667124,-0.40173375906418785
295,-0.06327772970069528,-0.18765479991644532,-0.3144042254782012,-0.3669093730416878
296,-0.1010862104980454,-0.2451881471755543,-0.37235534600578907,-0.4163110620393304
297,0.02927396974127898,-0.1470860314523589,-0.3520635015368087,-0.39425860165318843
298,-0.1039957029035242,-0.19877055295276175,-0.3547491868341738,-0.4052848318462594
299,0.06951448778013189,-0.10569663692518873,-0.3543910954611918,-0.3982125272298647
300,-0.022276267494255615,-0.07504998358747872,-0.33845602936349256,-0.3973172987974098
301,-0.21124406911163496,-0.16391632598251318,-0.3664617588254603,-0.41628122109158183
302,-0.2354301572617946,-0.0802124675479693,-0.4099549401688998,-0.4762615260660678
303,0.153651039957029,-0.07345349288293394,-0.332696726448032,-0.367700158157023
304,-0.1172450837038584,-0.22905911491748976,-0.3460207096177374,-0.4049715018949001
305,-0.0032079018829638027,-0.07998866043985556,-0.366864611620065,-0.41208856793291754
306,-0.020097878308615078,-0.062367580794366016,-0.35459998209543137,-0.4078063919310077
307,-0.24593417086926678,-0.08533019008683715,-0.36238846945778996,-0.43833368147772367
308,-0.11781206171107993,-0.14523589269195186,-0.37724926143654325,-0.4324251738235205
309,-0.2065291993673719,-0.11478320551460712,-0.39745158306227796,-0.4547163617916504
310,-0.042075736325385686,0.12737608546447432,-0.3728924830652622,-0.40673211781206164
311,-0.1443555847333711,-0.34554325445376144,-0.3914535525648294,-0.4243681179314254
312,-0.05022231506072633,-0.1636179165050282,-0.3355763779057622,-0.3959893766226014
313,-0.09362597356092028,-0.0801826266002208,-0.3716391632598251,-0.4357972009191011
314,0.07636298528841275,-0.12840559816179759,-0.34090298707886957,-0.397749992539763
315,-0.03187013219539852,-0.0887917400256632,-0.32893676703172087,-0.38657455760794956
316,-0.061696159470024756,-0.27109008982125266,-0.369848706394915,-0.41841484885559954
317,-0.034108203276536055,-0.25801975470740945,-0.36300020888663426,-0.4203992718808749
318,-0.1772253886783444,-0.16003700277520813,-0.37102742383098086,-0.42738205365402393
319,-0.04112082599743368,-0.2508877681955179,-0.33444242189131923,-0.40358389782459486
320,-0.011264957775058934,0.019993434991495324,-0.34576706156187514,-0.4087911432067082
321,-0.18299961206767923,-0.04610426427143326,-0.40037599594163104,-0.45455223657903365
322,0.14437050520724534,0.1513682074542687,-0.3552117215242755,-0.4050908656858941
323,-0.2559159678911402,-0.12260153382471424,-0.38048700426725546,-0.4428993464832442
324,0.01947121840589657,-0.16449822446360896,-0.3581361344036286,-0.4153412312375041
325,0.1218405896571275,-0.10593536450717674,-0.34449882128256387,-0.4033899316642296
326,-0.22009191011906537,-0.20524603861418636,-0.35649488227746107,-0.43984064933902295
327,-0.10978484676673331,-0.10095192623317714,-0.3730566082778788,-0.411760317507684
328,0.003834561785682313,-0.123362477992301,-0.3423651935185461,-0.39557160335412245
329,-0.19289188624630715,-0.11645429858852316,-0.37198233415893284,-0.42254782011876696
330,0.04589537763719375,-0.19533884396168416,-0.3152845334367819,-0.3579570887171376
331,0.030258721016979497,-0.08949300229775296,-0.34937781623944375,-0.40477753573453484
332,0.017382352063501534,-0.1162603324281579,-0.37317597206887276,-0.4071200501327922
333,0.03331741816120079,0.12754021067709106,-0.38370982662409353,-0.4310674107009638
334,-0.042210020590253944,0.008101817313717884,-0.36134403628659245,-0.4180865984303661
335,-0.17127211960251854,-0.14011817015308403,-0.3778610008653874,-0.4213392617349527
336,0.0614425114141625,0.04047924562084091,-0.3452896063978992,-0.3907373698188654
337,-0.15048789949568794,-0.07657187192265225,-0.39863030049834375,-0.4465847035301841
338,-0.07782519172808927,-0.1971889827220912,-0.3635970278416042,-0.3977201515920145
339,0.013637313121064724,-0.005416132016352838,-0.33845602936349256,-0.4039718301453254
340,-0.10584584166393123,-0.32653457073796655,-0.3775775118617766,-0.4303213870072513
341,-0.12449643400674405,-0.16112619736802836,-0.36573065560562196,-0.4182358031691086
342,-0.19886007579600726,-0.11606636626779265,-0.39578048998836196,-0.43099280833159254
343,-0.1225567724030915,-0.06857449792605412,-0.40142042911282855,-0.4677270150099967
344,0.008594192951568139,-0.20973710125033568,-0.3452896063978992,-0.3909910178747277
345,-0.12956939512398913,-0.15826146638417235,-0.37483214466891457,-0.4249500164125212
346,0.04846169914356479,-0.08956760466712423,-0.3767419653248187,-0.4247858911999045
347,-0.20996090835844944,-0.1894004953597326,-0.39557160335412245,-0.45508937363850677
348,-0.23875742293575242,-0.08434543881113662,-0.41398346811494724,-0.47248664617588254
349,0.042941123810092206,-0.26818059741577394,-0.3272059920623079,-0.3746978604040464
350,-0.19238459013458264,-0.26636029960311536,-0.3902748351287636,-0.44983736683477066
351,-0.17938885739011068,-0.20978186267195845,-0.3916773596729432,-0.44542090656799255
352,0.011190355405687684,-0.10654710393602099,-0.3379188923040195,-0.3942138402315657
353,-0.19069857658679235,-0.07618393960192174,-0.37798036465638135,-0.4271731670197845
354,-0.12934558801587537,0.025887022171824176,-0.369908388290412,-0.4284264868252215
355,-0.039255766763152386,-0.2140789591477425,-0.3541225269314553,-0.40643370833457665
356,-0.022649279341111873,0.00844498821282564,-0.3672525439407955,-0.40139058816508005
357,-0.16342395034466292,-0.12458595684998953,-0.3759362597356091,-0.429590283787413
358,-0.13978991972785051,-0.09878845752141087,-0.3861866252872191,-0.42902330578019154
359,-0.07954104622362804,-0.28627913222523943,-0.3590015218883352,-0.41468473038703696
360,-0.09468532720599206,-0.09595356748530331,-0.3813225508042135,-0.4348572110650234
361,-0.24281579182954846,-0.23020799140580703,-0.3766972039031959,-0.43776670347050217
362,-0.08628510041478916,-0.14368416340902984,-0.38463489600429707,-0.42666587090806
363,0.00799737399659813,-0.37160932231207655,-0.3185819581629912,-0.3772940228581658
364,-0.30618304437348925,-0.04383635224254722,-0.3934827370117275,-0.44595804362746555
365,-0.1004893915430754,-0.24496434006744053,-0.351362239264719,-0.4073587777147802
366,-0.05904031512040822,-0.21692876965772429,-0.34103727134373785,-0.38296380293038107
367,-0.11385813613440363,-0.31495628301154843,-0.37711497717167486,-0.4283817254035988
368,-0.14493748321446687,-0.11715556086061292,-0.3960639789919727,-0.46263913341887736
369,-0.14389305004326935,-0.18489451224970901,-0.3813971531735847,-0.4315299453910656
370,-0.31980543702067976,-0.30749604607442327,-0.3889618334278296,-0.4317089910775566
371,-0.041165587419056425,-0.08161499209214883,-0.3529885709170123,-0.4069260839724269
372,0.03395899853779356,-0.11357464713079286,-0.3675360329444063,-0.42514398257288644
373,-0.019157888454537312,-0.229790218137328,-0.3457521410880009,-0.38823073020799137
374,-0.10857628838291902,-0.16485631583659094,-0.3432305810032526,-0.4004207573632538
375,0.03640595625317059,-0.07446808510638298,-0.3256542627793858,-0.3853063173286383
376,0.11223180448211033,0.11084420041180507,-0.35491331204679055,-0.3892900838530631
377,-0.05486258243561815,-0.20084449882128252,-0.3580316910865089,-0.4353048252812509
378,-0.0049237563785025805,-0.18032884724418846,-0.3274745605920444,-0.36382083494971795
379,-0.15320342574080148,-0.0981767180925666,-0.35886723762346684,-0.4159231297185998
380,-0.04804392587508579,-0.08415147265077137,-0.37244486884903466,-0.4091193936319417
381,-0.1434901972486646,-0.09796783145832709,-0.3404852138103906,-0.38909611769269786
382,-0.24681447882784754,-0.11585747963355314,-0.4145504461221688,-0.45446271373578817
383,-0.2784757243890066,-0.20766315538181487,-0.40759750529676814,-0.47196442959028373
384,-0.039584017188385896,0.07664647429202351,-0.3836650652024708,-0.4355733938109873
385,0.04283668049297245,-0.05441496821939064,-0.33535257079764846,-0.38708185371967413
386,-0.20624571036376113,-0.27479036734206674,-0.350168601354779,-0.4052699113723851
387,-0.0582644504789472,-0.058562859956432206,-0.3542568111963236,-0.4076870281400137
388,-0.15966399092835187,-0.025707976485333173,-0.4006445644713676,-0.4432723583301005
389,-0.19392139894363045,-0.10254841693772193,-0.3717883679985675,-0.41902658828444383
390,-0.1481603055713049,-0.31985019844230245,-0.3475724389006595,-0.413133001104115
391,-0.03654024051803885,-0.08803079585807644,-0.338127778938259,-0.37702545432842943
392,0.01536808809047775,-0.15186058309211897,-0.35212318343230575,-0.41229745456715694
393,0.0767658380830175,-0.15436722270299302,-0.36777476052639424,-0.41863865596371336
394,-0.2875473725045507,-0.20781236012055743,-0.42007102145564135,-0.4713676106353137
395,-0.24159231297185996,-0.21519799468831127,-0.4126406254662647,-0.45590999970159046
396,-0.11418638655963712,-0.3436334337978574,-0.3585986690937304,-0.39755602637939774
397,-0.09064187878607023,-0.1595297066634836,-0.3436632747456058,-0.39406463549282317
398,-0.009459580436274656,0.09652054549252483,-0.3431708991077556,-0.39305004326937415
399,-0.14972695532810118,-0.02078422010683059,-0.39242338336665566,-0.44094476440571745
400,-0.077094088508251,-0.12348184178329502,-0.37389215481483684,-0.41814628032586315
401,0.06694816627376085,0.0122944704723822,-0.3501238399331562,-0.3976157082748948
402,0.11218704306048759,-0.055534003759959406,-0.3302199277849064,-0.3648055862254185
403,0.015696338515711256,-0.05669780072215092,-0.3354271731670197,-0.3920503715197994
404,0.0485213810390618,-0.2577661066515472,-0.33857539315448654,-0.3817403240726925
405,-0.17180925666199154,-0.1595893885589806,-0.35992659126853865,-0.4047476947867863
406,-0.19982990659783353,0.006818656560532362,-0.39403479454507473,-0.44403330249768724
407,-0.18756527707319984,0.02984094774850049,-0.42304019575661717,-0.4589090149503147
408,-0.08844856912655545,-0.16272268807257317,-0.3739518367103339,-0.41346125152934854
409,-0.1471158724001074,-0.10857628838291902,-0.35610694995673053,-0.4226821043836352
410,-0.018501387604070302,-0.306287487690609,-0.3459311867744919,-0.40461341052191807
411,-0.02346990540419563,-0.40465817194354087,-0.32423681776133206,-0.35336158276386853
412,-0.13665662021425798,-0.23395303034824383,-0.3443346960699471,-0.40236041896690633
413,0.07467697174062247,-0.07864581779117304,-0.3562561546954731,-0.40747814150577416
414,-0.2520664856315836,-0.2829667870251559,-0.3841126794186983,-0.43123153591358054
415,-0.09857957088717137,0.05029691743009757,-0.36955029691743,-0.4040911939363193
416,-0.13838739518367102,-0.23283399480767505,-0.38481394169078803,-0.43048551221986797
417,-0.2405628002745367,-0.17898600459550593,-0.4009578944227268,-0.4534033600907164
418,-0.15005520575333472,-0.11731968607322968,-0.3625824356181551,-0.4166691534123123
419,-0.027110501029512693,-0.03889767539017038,-0.32986183641192435,-0.386485034764704
420,-0.01947121840589657,0.07209572976037718,-0.3318462594371997,-0.38002446957715375
421,0.08264450478947209,0.14140133090626958,-0.31995464175942223,-0.36231386708841873
422,-0.010817343558831426,-0.08215212915162184,-0.3586732714631016,-0.4213392617349527
423,-0.09498373668347705,-0.07391602757303571,-0.36687953209393925,-0.4187878607024558
424,-0.154844677866969,-0.0734087314613112,-0.40641878786070246,-0.4522246426546507
425,-0.0610844200411805,-0.2618990779147145,-0.3382023813076303,-0.4065978335471934
426,-0.12079615648592998,-0.33111515621736143,-0.4029273969741279,-0.4324699352451433
427,-0.13941690788099428,-0.15518784876607677,-0.37745814807078265,-0.4286502939333352
428,0.031810450299901524,-0.08324132374444211,-0.347781325534899,-0.4048372176300319
429,-0.2429202351466682,-0.2027692399510608,-0.40798543761749867,-0.4675479693235056
430,-0.02255975649786637,-0.13216555757810866,-0.3584047029333651,-0.4090000298409477
431,-0.08410671122914862,-0.16803437677180624,-0.36889379606696304,-0.41581868640148
432,-0.21199009280534747,-0.2133030945062815,-0.3759064187878606,-0.4154755155023723
433,-0.12655545940139057,-0.11987108710572646,-0.3254901375667691,-0.3685655456417295
434,-0.009564023753394407,0.0024618781892512902,-0.34009728148966,-0.393094804690997
435,-0.02963206111426098,0.09799767240607558,-0.3691922055444481,-0.42990361373877223
436,-0.00790785115335263,-0.1113067351019068,-0.32974247262093037,-0.3849183850079078
437,-0.2839515383008564,-0.3896481752260451,-0.3804124018978842,-0.4394079555966696
438,-0.21695861060547278,0.015696338515711256,-0.36467130196055025,-0.4218763987944256
439,0.012234788576885201,-0.29943899018232817,-0.31862671958461397,-0.38609710244397355
440,-0.03243711020262003,-0.2937244486884903,-0.35907612425770635,-0.40142042911282855
441,-0.03892751633791888,-0.1348810838232222,-0.3586881919369759,-0.4176240637402644
442,-0.12269105666795975,-0.01583062278057951,-0.40495658142102586,-0.45380621288532114
443,0.019322013667154067,0.01647220315717227,-0.3576586792396526,-0.38933484527468587
444,0.06629166542329383,0.01715854495538778,-0.3661782698218495,-0.41458028706991723
445,0.011145593984064932,0.032959326788218786,-0.36371639163259817,-0.4023305780191578
446,-0.27820715585927003,-0.38969293664766785,-0.3863209095520873,-0.4358718032884724
447,-0.0641729581331503,-0.034466294649518066,-0.36446241532631074,-0.4248157321476529
448,-0.24468085106382975,-0.25066396108740413,-0.3558234609531198,-0.397869356330757
449,-0.09290979081495628,0.0019545820775267817,-0.36661096356420275,-0.42626301811345524
450,-0.1794933007072304,-0.34460326459968366,-0.3542120497747008,-0.3982125272298647
451,-0.1434006744054191,-0.3110023574348721,-0.35537584673689226,-0.4110292142878457
452,-0.024887350422249408,-0.016725851213034524,-0.33259228313091216,-0.40450896720479834
453,-0.21765987287756255,-0.3461699143564799,-0.38912595864044636,-0.44064635492823245
454,-0.08019754707409506,-0.1664528065411357,-0.33311449971651097,-0.4002417116767628
455,-0.0671421324341261,-0.18923637014711586,-0.353451105607114,-0.4101190653815164
456,-0.13073319208618064,-0.04056876846408641,-0.3716391632598251,-0.4179373936916235
457,-0.2577661066515472,-0.20306764942854585,-0.3710871057264778,-0.41831040553847987
458,0.0008653874847065142,0.01172749246516069,-0.3600161141117841,-0.41644534630419855
459,-0.006967861299274864,-0.021560084748291602,-0.3981826862821162,-0.45344812151233915
460,-0.15087583181641845,-0.008683715794813642,-0.38009907194652504,-0.43249977619289187
461,-0.15723195368684906,-0.17394288442600936,-0.3776222732833994,-0.4352600638596281
462,-0.21610814359464053,-0.07264778729372444,-0.3950195458207752,-0.45595476112321326
463,-0.13602996031153947,0.05002834890036107,-0.37442929187430984,-0.4203843514070006
464,-0.17994091492345793,-0.17682253588373964,-0.3648503476470412,-0.39870490286771504
465,-0.10583092119005698,0.08340544895705886,-0.4181910417474859,-0.4806929068067201
466,0.020008355465369575,-0.23431112172122584,-0.33359195488048693,-0.3777714780221419
467,0.000492375637850258,-0.27140341977261195,-0.34469278744292914,-0.39949568798305035
468,-0.16030557130494463,-0.3119871087105726,-0.35437617498731755,-0.41098445286622304
469,-0.11948315478499595,-0.0734982543045567,-0.38359046283309955,-0.42363701471158716
470,-0.09180567574826173,-0.37653307869057917,-0.40061472352361904,-0.4453761451463698
471,-0.18514816030557127,-0.07924263674614306,-0.3864253528692071,-0.4327832651965026
472,-0.05880158753842022,-0.12312375041031302,-0.3599415117424129,-0.41896690638894685
473,-0.17688221777923663,-0.31501596490704536,-0.37798036465638135,-0.43072423980185603
474,-0.243024678463788,-0.1911909522246426,-0.3805317656888782,-0.4115663513473187
475,0.05332577362657037,-0.26172003222822354,-0.308137626451016,-0.36996807018590905
476,0.0008653874847065142,-0.3487362358628509,-0.3160902390259915,-0.3816358807555727
477,-0.038957357285667384,-0.06466533377100056,-0.3420071021455641,-0.39151323446032643
478,-0.1036972934260392,-0.0911939363194175,-0.37545880457163305,-0.40717973202828917
479,-0.2416072334457342,-0.31045029990152484,-0.4030616812389961,-0.440974605353466
480,-0.18507355793620003,-0.2748351287636895,-0.37747306854465695,-0.43934827370117263
481,-0.24354689504938673,-0.5231714959267105,-0.3683268180597415,-0.42199576258541965
482,-0.03403360090716481,-0.29649965682910084,-0.33172689564620567,-0.40080868968398436
483,0.0460595028498105,-0.0889111038166572,-0.3584345438811137,-0.4049864223687744
484,-0.21979350064158035,-0.04352302229118796,-0.40010742741189453,-0.44771865954462714
485,-0.2412939034943749,-0.26142162275073855,-0.3933484527468592,-0.4382143176867297
486,-0.08777714780221418,-0.11993076900122346,-0.3577183611351496,-0.39830205007311026
487,-0.15068186565605324,-0.34434961654382135,-0.35234699054041946,-0.41265554594013903
488,-0.027886365670973707,-0.08467368923637013,-0.3443346960699471,-0.40656799259944487
489,0.006938020351526363,-0.21746590671719732,-0.3083017516636328,-0.3819342902330578
490,-0.09738593297723135,-0.05666795977440243,-0.3968995255289307,-0.42650174569544325
491,-0.19372743278326515,-0.2568261167974695,-0.37748798901853114,-0.41657963056906677
492,-0.17252543940795553,-0.12379517173465429,-0.3993315627704336,-0.4672644803198948
493,0.018068693861717045,-0.13264301274208468,-0.3600608755334068,-0.4124615797797737
494,-0.029572379218763985,-0.1596192295067291,-0.35577869953149704,-0.41144698755632475
495,-0.02224642654650711,-0.00011936379099400195,-0.3698188654471666,-0.41735549521052784
496,-0.055847333711318656,-0.30594431679150125,-0.33857539315448654,-0.378726388350094
497,-0.02925904926740473,0.10101160812867414,-0.3810241413267285,-0.428516009668467
498,-0.05117722538867833,-0.1899376324192056,-0.3711169466742263,-0.44125809435707675
499,-0.2366983975411059,-0.16516964578795018,-0.40389722777595416,-0.44824087613022584
500,0.0034764704127003064,0.027975888514219206,-0.3545701411476828,-0.41492345796902497
501,-0.04323953328757721,0.0013876040703052729,-0.32628092268210435,-0.36740174867953806
502,0.1644236220942377,-0.08947808182387872,-0.3173584793053027,-0.3644176539046879
503,-0.25237981558294287,-0.3246993524514338,-0.3673569872579153,-0.41577392497985727
504,-0.09149234579690248,-0.05398227447703738,-0.3761153054221002,-0.41899674733669534
505,-0.2428307123034227,-0.1446838351586046,-0.41381934290233047,-0.4668765479991644
506,0.02915460595028498,-0.36231386708841873,-0.3492882933961982,-0.3901107099161469
507,-0.024394974784399146,-0.06320312733132404,-0.35066097699262927,-0.4219062397421741
508,0.008236101578586135,-0.12762973352033657,-0.34663244904658164,-0.39337829369460775
509,0.06524723225209632,-0.1298081227059771,-0.3511981140521022,-0.3954820805108769
510,0.009608785175017159,-0.1840888066604995,-0.32402793112709255,-0.37790576228701017
511,-0.24890334517024254,-0.09672943212676434,-0.37962161678254897,-0.4388260571155739
512,-0.051908328608516595,-0.12762973352033657,-0.36241831040553835,-0.4248604935692757
513,-0.13423950344662944,-0.1352988570917012,-0.36695413446331054,-0.41759422279251585
514,-0.11309719196681683,-0.06882814598191637,-0.3466921309420787,-0.39846617528572703
515,-0.17762824147294917,-0.21309420787204197,-0.3926322700008952,-0.4544477932619139
516,-0.1764495240368834,0.0022977529766345377,-0.37332517680761534,-0.41410283190594127
517,-0.22902927396974124,-0.17088418728178806,-0.37181820894631606,-0.42356241234221587
518,-0.14081943242517378,-0.05654859598340842,-0.3605681716451314,-0.41626630061770753
519,-0.33736683477067225,-0.3965712751036973,-0.3681626928471248,-0.4223389334845274
520,0.07918295485064604,-0.016129032258064516,-0.37049028677150786,-0.4126853868878875
521,-0.062337739846617515,-0.13968547641073079,-0.35189937632419194,-0.40224105517591235
522,-0.01457730297514249,-0.16913849183850077,-0.3600011936379099,-0.4058518098534809
523,0.055936856554564166,-0.08388290412103487,-0.3454984930321386,-0.3974068216406552
524,-0.005371370594730088,-0.2087672704485094,-0.34457342365193516,-0.39575064904061347
525,-0.09535674853033331,-0.17931425502073942,-0.38660439855569806,-0.4304407507982453
526,-0.16278236996807016,-0.17415177106024884,-0.35886723762346684,-0.42656142759094023
527,0.012950971322849211,0.01660648742204052,-0.37175852705081913,-0.4302617051117543
528,-0.14835427173167018,-0.10982960818835605,-0.35081018173137174,-0.4049416609471516
529,-0.26762853988242663,-0.18382023813076304,-0.37772671660051915,-0.43899018232819065
530,0.011921458625525946,-0.05144579391841484,-0.3712661514129688,-0.4124466593058995
531,0.019292172719405566,-0.12452627495449255,-0.3575542359225328,-0.40346453403360083
532,0.038912595864044636,0.08137626451016083,-0.34518516308077934,-0.3927367133180149
533,-0.026901614395273186,0.06377010533854553,-0.36908776222732825,-0.40115186058309205
534,0.09962400405836888,0.02014263973023783,-0.34139536271671983,-0.40061472352361904
535,-0.08313688042732235,-0.22125570708125689,-0.3629852884127599,-0.4218763987944256
536,-0.27025454328429466,-0.17088418728178806,-0.3798155829429143,-0.4321118438721613
537,0.12307898898869024,0.0122646295246337,-0.34161916982483354,-0.3902897556026379
538,-0.18875891498313982,-0.15988779803646563,-0.36543224612813696,-0.41278983020500726
539,0.06796275849720987,-0.08477813255348988,-0.33356211393273844,-0.38069589090149497
540,-0.027856524723225206,-0.0950284981050998,-0.3347706723165527,-0.39613858136134394
541,-0.009325296171406403,-0.1650801229447047,-0.35603234758735935,-0.41092477097072594
542,-0.11505177404434362,-0.1352690161439527,-0.36444749485243644,-0.4218763987944256
543,-0.13376204828265345,-0.19445853600310345,-0.3472740294231744,-0.39843633433797854
544,0.18237295216496074,-0.09223836949061502,-0.3125988481394169,-0.3769806929068067
545,-0.13150905672764165,-0.09810211572319537,-0.3446629464951806,-0.4146101280176658
546,-0.038539584017188384,-0.12555578765181583,-0.3503028856196472,-0.3971084121631702
547,0.008236101578586135,0.017486795380621287,-0.36346274357673597,-0.41756438184476735
548,0.06636626779266508,-0.25590104741726594,-0.33001104115066693,-0.3944227268658052
549,-0.1285846438482886,-0.07381158425591595,-0.3886783444242189,-0.4268747575422995
550,0.09407358777714779,-0.1265853003491391,-0.31289725761690185,-0.3507952612574975
551,-0.30318402912476494,-0.16572170332129746,-0.3913938706693324,-0.44797230760048934
552,0.06265106979797677,-0.14116260332428154,-0.34396168422309087,-0.41290919399600123
553,0.2305213213571663,0.1672286711825967,-0.3356659007490077,-0.3795619348870519
554,-0.03801736743158962,-0.12710751693473782,-0.36720778251917274,-0.40849273372922323
555,-0.12774909731133058,-0.23628062427262686,-0.37474262182566914,-0.4296798066306585
556,-0.04206081585151144,-0.2574676971740622,-0.33690430008057054,-0.3891557995881949
557,-0.2786100086538748,-0.1322401599474799,-0.42681507564680243,-0.4888991674375578
558,-0.18962430246784637,0.05941332696726447,-0.3927516337918892,-0.44407806391931
559,-0.10918802781176327,-0.11485780788397838,-0.38494822595565625,-0.42453224314404214
560,-0.2614962251201098,0.029766345379129238,-0.4030019993434991,-0.4645787950225299
561,-0.15330786905792124,-0.14117752379815582,-0.3733699382292381,-0.43899018232819065
562,-0.08264450478947209,-0.09681895497000984,-0.3884246963683566,-0.42163767121243767
563,-0.3047208379338127,-0.29778281758228636,-0.3856793291754945,-0.4374086120975201
564,-0.035316761660350325,-0.03473486317925457,-0.3517352511115753,-0.4062397421742114
565,-0.29032258064516125,-0.0242606905195309,-0.3742204052400704,-0.4332756408343528
566,0.008131658261466383,-0.15717227179135207,-0.318208946316135,-0.36829697711199305
567,0.02845334367819521,-0.2596311658858285,-0.3227746113216556,-0.37883083166721365
568,-0.12143773686252274,0.04553728626421174,-0.3656560532362507,-0.410327952015756
569,-0.05962221360150397,-0.11327623765330785,-0.3642684491659455,-0.42144370505207235
570,-0.2806839545223956,-0.0983259228313091,-0.38339649667273423,-0.439422876070544
571,-0.11676762853988241,-0.14410193667750887,-0.3564650413297125,-0.40538927516337914
572,-0.04131479215779892,-0.24581480707827275,-0.3487362358628509,-0.40861209752021715
573,-0.16833278624929124,-0.1442660618901256,-0.3950941481901465,-0.43858732953358587
574,-0.07419951657664646,-0.16418489451224966,-0.3607770582793709,-0.4038673868282056
575,-0.1881024141326728,-0.3701023544507773,-0.38026319715914164,-0.43393214168481986
576,0.06666467727015009,-0.2720450001492047,-0.35577869953149704,-0.39971949509116406
577,-0.12506341201396554,-0.3465727671510847,-0.3540926859837068,-0.4082689266211094
578,0.1225567724030915,-0.006565008504670108,-0.325251409984781,-0.3857091701232431
579,-0.0578765181582167,8.952284324550146e-05,-0.352018740115186,-0.39613858136134394
580,-0.22932768344722626,-0.12090059980304972,-0.3834263376204828,-0.4292023514666825
581,-0.30294530154277693,-0.2581689594461519,-0.3983766524424815,-0.4417803109426755
582,-0.20966249888096442,-0.1341052191817612,-0.3769060905374354,-0.4400196950255139
583,0.018769956133806803,-0.19268299961206767,-0.38550028348900356,-0.42406970845394043
584,-0.04138939452717018,-0.11455939840649339,-0.3836501447285966,-0.44007937692101096
585,-0.21473545999820953,-0.10888961833427828,-0.40258422607502015,-0.4363343379785741
586,-0.037375787054996855,0.04307540807496046,-0.3448270717077974,-0.4115663513473187
587,0.07769090746322103,-0.10110113097191964,-0.36741666915341226,-0.43478260869565216
588,0.004908835904628331,-0.046850287965145766,-0.3767718062725672,-0.41735549521052784
589,-0.21609322312076626,-0.22379218763987938,-0.3719524932111843,-0.4217122735818089
590,0.007490077884873622,-0.2306406851481603,-0.3567485303333233,-0.40643370833457665
591,-0.12498880964459429,0.11315687386231385,-0.41443108233117476,-0.4523141654978961
592,0.000552057533347259,-0.30222911879681297,-0.3406194980752589,-0.39746650353615226
593,-0.1620512667482319,0.0614425114141625,-0.38444092984393174,-0.4338426188415743
594,-0.11711079943899015,-0.18984810957596007,-0.3724299483751603,-0.42002626003401866
595,0.058160007161827454,-0.08403210885977738,-0.35078034078362325,-0.41113365760496545
596,-0.20697681358359937,-0.14808570320193368,-0.3956312852496195,-0.4415565038345617
597,0.08747873832472917,-0.16948166273760853,-0.33769508519590574,-0.3785025812419802
598,-0.06399391244665929,0.0795559666975023,-0.3514965235295872,-0.3781743308167467
599,-0.3153292948584046,-0.23622094237712984,-0.38629106860433887,-0.4255617558413654
600,0.12354152367879202,-0.04435856882814597,-0.3184625943719972,-0.3698636268687893
601,0.026215272597057675,-0.1469965086091134,-0.3549879144161618,-0.3927068723702664
602,-0.16038017367431587,-0.3128226552475306,-0.3815761988600757,-0.44034794545074746
603,-0.1393870669332458,-0.25881053982274477,-0.3755781683626271,-0.42584524484497616
604,-0.18140312136313447,-0.499582226731521,-0.3729820059085076,-0.41775834800513256
605,-0.0792575572200173,-0.12378025126078003,-0.33862015457610933,-0.3872459789322908
606,-0.012563039002118706,-0.24013010653218342,-0.32465459102981103,-0.3801139924203992
607,0.07691504282176001,-0.05062516785533108,-0.36674524782907103,-0.4015994747993195
608,-0.1966220047148697,-0.047999164453463035,-0.3959893766226014,-0.4480469099698605
609,-0.04155351973978693,-0.14599683685953863,-0.3578377249261436,-0.41981737339977915
610,-0.14107308048103606,-0.06174092089164751,-0.35000447614216224,-0.4173256542627793
611,0.055936856554564166,-0.18211930410909846,-0.31183790397183014,-0.36041896690638886
612,0.09041807167795647,-0.21701829250096982,-0.34039569096714506,-0.37702545432842943
613,0.10896422070364951,-0.03956909671451165,-0.3349944794246665,-0.39187132583330836
614,-0.25439407955596666,0.01536808809047775,-0.41611709587896506,-0.45126973232669865
615,-0.1651099638924532,-0.011011309719196682,-0.38520187401151856,-0.4448240876130225
616,0.09413326967264479,-0.2114380352720002,-0.351660648742204,-0.40353913640297207
617,-0.19844230252752826,-0.1288532123780251,-0.38623138670884183,-0.4559249201754647
618,-0.1659753513771597,-0.03745038942436811,-0.3896034138044224,-0.4506132314762316
619,0.03131807466205126,-0.057786995314971196,-0.30994300378980033,-0.35703201933693407
620,-0.07582584822893974,0.022276267494255615,-0.38536599922413534,-0.43482737011727485
621,-0.06503834561785682,-0.04297096475784071,-0.35846438482886206,-0.4154904359762465
622,-0.0736176180955507,-0.06200948942138401,-0.38381426994121326,-0.42976932947390406
623,-0.1592312971859986,-0.0056996210199635935,-0.42669571185580846,-0.4619975530422845
624,-0.21792844140729903,-0.334606547103936,-0.38142699412133324,-0.4190862701799409
625,-0.19193697591835515,-0.1755990570260511,-0.3702515591895198,-0.42169735310793466
626,-0.21203485422697022,-0.1760019098206559,-0.3622243442451732,-0.40273343081376256
627,-0.05848825758706096,-0.21269135507743722,-0.34646832383396486,-0.3770702157500522
628,-0.1295395541762406,-0.025946704067321174,-0.39020023275939236,-0.4367670317209274
629,-0.10272746262421292,0.031407597505296765,-0.3425890006266598,-0.4052102294768882
630,0.001462206439676524,-0.11179911073975708,-0.38278475724388994,-0.42862045298558676
631,0.06487422040524006,-0.260257825788547,-0.32690758258482283,-0.3771746590671719
632,0.0025215600847482912,-0.27140341977261195,-0.3488108382322222,-0.4021216913849183
633,-0.15232311778222077,-0.17907552743875144,-0.4023454984930321,-0.45731252424576996
634,-0.06848497508280861,-0.22315060726328667,-0.33027960968040343,-0.3824565068186565
635,0.0051624839604905845,-0.1649010772582137,-0.36049356927576015,-0.4281280773477365
636,0.0854644743517054,-0.0892095132941422,-0.3249679209811703,-0.3633583002596162
637,-0.09461072483662081,-0.23262510817343554,-0.3590015218883352,-0.41052191817612116
638,0.018650592342812806,-0.2706723165527737,-0.33679985676345076,-0.36661096356420275
639,-0.13243412610784516,-0.13861120229178478,-0.35882247620184415,-0.413192682999612
640,-0.20908060039986867,-0.08910506997702246,-0.41290919399600123,-0.46016233475575175
641,-0.05059532690758258,-0.24251738235206347,-0.33744143714004354,-0.39974933603891255
642,-0.17486795380621287,-0.1466085762883829,-0.3557488585837486,-0.41565456118886324
643,-0.11578287726418189,-0.3604040464325146,-0.3578377249261436,-0.41028319059413315
644,-0.08424099549401688,-0.1321804780519829,-0.3520038196413118,-0.4051803885291396
645,-0.076079496284802,-0.26427143326072033,-0.36608874697860405,-0.4107158843364865
646,-0.18314881680642175,-0.18452150040285276,-0.3872161379845423,-0.4159231297185998
647,-0.14228163886485032,-0.061666318522276255,-0.40061472352361904,-0.43520038196413113
648,-0.21473545999820953,-0.3000805705589209,-0.3662827131389692,-0.4307690012234787
649,-0.16023096893557337,-0.015203962877860997,-0.3760257825788546,-0.4383933633732207
650,-0.1347020381367312,-0.2088866342395034,-0.36106054728298165,-0.4201605442988869
651,-0.07695980424338275,-0.1461311211244069,-0.3405896571275103,-0.4021067709110441
652,-0.004908835904628331,-0.043224612813702955,-0.35064605651875497,-0.41401330906269573
653,-0.11555907015606814,-0.2948434842290591,-0.36671540688132254,-0.41710184715466553
654,-0.03163140461341052,-0.11015785861358957,-0.36003103458565844,-0.4118946017725522
655,-0.09295455223657902,-0.138566440870162,-0.36576049655337045,-0.41947420250067136
656,0.09762466055921934,-0.21500402852794603,-0.34181313598519886,-0.38943928859180565
657,-0.016710930739160273,-0.14927934111187371,-0.36889379606696304,-0.43312643609561036
658,-0.04805884634896004,-0.25681119632359517,-0.32832502760287663,-0.40597117364447494
659,-0.0925069380203515,-0.042866521440720944,-0.3471397451583062,-0.40453880815254684
660,-0.22859658022738796,-0.2010384649816478,-0.3946316135000447,-0.4525230521321357
661,-0.38585837486198554,-0.1421771955477306,-0.3981528453343678,-0.4499567306257646
662,0.04537316105159499,-0.21398943630449702,-0.35360031034585654,-0.42641222285219765
663,-0.04999850795261257,-0.2859956432216286,-0.3571663036018024,-0.3906926083972427
664,-0.07572140491181999,-0.24517322670168,-0.3499000328250425,-0.37366834770672314
665,-0.11417146608576288,-0.11282862343708036,-0.37232550505804063,-0.4349765748560174
666,-0.034943749813494074,-0.10151890424039867,-0.3731908925427471,-0.41528154934200706
667,-0.12397421742114527,-0.004401539792903822,-0.38670884187281784,-0.4378114648921249
668,-0.09302915460595026,-0.24681447882784754,-0.35319745755125176,-0.4226373429620124
669,-0.0986541732565426,-0.01159320820029244,-0.36599922413535846,-0.445331383724747
670,-0.04984930321387006,-0.016860135477902775,-0.3918414848855599,-0.43097788785771834
671,-0.09353645071767477,-0.2307152875175315,-0.3650443138074065,-0.4235773328160902
672,-0.05630986840142042,-0.06436692429351555,-0.34954194145206047,-0.41526662886813276
673,-0.21361642445764076,0.008847841007430395,-0.4033899316642296,-0.44483900808689675
674,-0.091820596222136,0.044627137357882485,-0.39403479454507473,-0.4335292888902151
675,-0.15618752051565155,-0.09185043716988452,-0.38536599922413534,-0.42321924144310813
676,-0.06881322550804213,-0.24002566321506366,-0.3478857688520187,-0.40056996210199625
677,-0.005416132016352838,-0.13582107367729998,-0.31377756557548264,-0.3687744322759691
678,-0.06315836590970128,-0.11159022410551757,-0.3509593864701142,-0.40103249679209807
679,-0.06967861299274863,-0.23083465130852554,-0.32878756229297834,-0.38818596878636863
680,-0.055563844707707914,-0.038957357285667384,-0.35764375876577836,-0.4157142430843603
681,-0.023932440094297392,-0.14290829876756883,-0.37568261167974687,-0.4193996001313001
682,0.00425233505416132,0.058562859956432206,-0.3411118737131091,-0.39525827340276326
683,-0.061054579093432,-0.30364656381486677,-0.36846110232460977,-0.41890722449344986
684,-0.22237474262182566,-0.22846229596251977,-0.38217301781504576,-0.4286502939333352
685,-0.10468204470173971,-0.26474888842469635,-0.3571812240756766,-0.40538927516337914
686,-0.2508877681955179,-0.2614663841723613,-0.39634746799558346,-0.44858404702933363
687,-0.14856315836590966,-0.1225567724030915,-0.3668347706723165,-0.42081704514935386
688,0.030184118647608244,-0.03785324221897287,-0.3569424964936886,-0.3908268926621109
689,-0.22565724687416072,0.05641431171854018,-0.3885291396854763,-0.44339172212109446
690,-0.09529706663483631,-0.049237563785025806,-0.3440810480140849,-0.41422219569693525
691,-0.16021604846169912,-0.2392647190474769,-0.37029632061114254,-0.4078213124048819
692,-0.08752349974635193,0.08077944555519083,-0.3772940228581658,-0.4272925308107785
693,-0.13708931395661123,-0.35045209035838976,-0.3341141714660857,-0.3921398943630449
694,-0.07042463668646115,-0.22743278326519648,-0.3496463847691802,-0.40131598579570876
695,-0.11599176389842139,-0.17625555787651812,-0.36459669959117896,-0.4229208319656232
696,-0.06593357405031182,-0.07485601742711348,-0.37134075378234,-0.42654650711706604
697,-0.2065888812628689,-0.02255975649786637,-0.3996299722479185,-0.470487302676733
698,-0.1899376324192056,-0.15042821760019096,-0.4055981617976186,-0.4488824565068186
699,-0.23484825878069884,-0.13261317179433618,-0.38271015487451876,-0.43457372206141265
700,-0.043120169496583205,-0.06659007490077884,-0.37144519709945983,-0.4253677896810002
701,-0.04647727611828951,-0.08048103607770582,-0.3476321207961564,-0.38278475724388994
702,0.07272238966309569,-0.1467876219748739,-0.3461549938826056,-0.4052102294768882
703,0.08437527975888512,-0.24921667512160178,-0.349213691026827,-0.3915579958819492
704,0.11472352361911013,0.055802572289695915,-0.334606547103936,-0.3868282056638118
705,-0.08976157082748946,-0.05414639968965413,-0.38190444928530926,-0.4348721315388976
706,-0.14602667780728715,-0.25754229954343344,-0.3442899346483244,-0.40461341052191807
707,-0.026066067858315178,-0.2026051147384441,-0.3647459043299215,-0.4151472650771388
708,-0.31001760615917157,-0.11629017337590641,-0.4208468860971024,-0.4708006326280922
709,-0.11733460654710391,-0.2318940049535973,-0.3439318432753424,-0.39369162364596694
710,-0.20657396078899462,-0.36012055742890386,-0.350526692727761,-0.39307988421712264
711,-0.0518486467130196,-0.379860344364537,-0.3573005878666706,-0.39866014144609224
712,0.0024917191369997907,0.1737190773178956,-0.3719226522634359,-0.3994360060875533
713,-0.19205633970934916,-0.15832114827966934,-0.3746530989824236,-0.4217719554773059
714,-0.11236608874697858,-0.303363074811256,-0.3615529229208319,-0.41689296052042607
715,-0.3427083644176539,-0.1406105457909343,-0.3963922294172062,-0.43357405031183777
716,-0.011906538151651694,0.036495479096416095,-0.3781743308167467,-0.4264569842738205
717,-0.0881650801229447,-0.19818865447166598,-0.3628360836740175,-0.41872817880695884
718,-0.1036972934260392,-0.26343588672376234,-0.3612097520217242,-0.4120288860374205
719,-0.05093849780669033,-0.21607830264689207,-0.34775148458715044,-0.40370326161558884
720,-0.428874101041449,-0.31855211721524274,-0.40092805347497834,-0.4580585479394825
721,-0.03855450449106263,-0.09647578407090208,-0.33214466891468464,-0.3908418131359851
722,-0.02624511354480618,-0.09188027811763301,-0.3924979857360269,-0.44739040911939354
723,0.000731103219838262,-0.15751544269045983,-0.3262660022082301,-0.3964071498910805
724,-0.2512458595684998,-0.21375070872250898,-0.38420220226194374,-0.4307839216973531
725,0.03779356032347587,-0.09135806153203424,-0.36214974187580196,-0.40932828026618123
726,-0.27729700695294074,-0.260496553370535,-0.40582196890573236,-0.4631762704783503
727,0.0041478917370415674,0.021022947688818596,-0.3898570618602846,-0.4581629912566022
728,-0.019411536510399566,-0.015502372355346003,-0.36555160991913094,-0.41681835815105484
729,-0.2304019575661723,-0.30706335233207,-0.3773238638059144,-0.4284264868252215
730,-0.007057384142520366,0.059577452179881224,-0.3615678433947062,-0.4163259825132046
731,0.04292620333621795,0.16194682343111216,-0.3462295962519769,-0.4036286592462176
732,-0.13412013965563546,0.05477305959237264,-0.36999791113365754,-0.4120736474590433
733,-0.1246008773238638,-0.10866581122616452,-0.3780549670257527,-0.4303810689027483
734,0.1043836352242547,0.03391423711617081,-0.3690579212795797,-0.41395362716719875
735,0.04206081585151144,0.007475157410999372,-0.3364119244427202,-0.380755572796992
736,-0.07806391931007728,-0.2134224582972755,-0.3497806690340485,-0.3581361344036286
737,-0.06870878219092237,-0.1553370535048193,-0.33765032377428306,-0.3909910178747277
738,-0.25439407955596666,-0.21765987287756255,-0.37630927158246535,-0.42562143773686245
739,0.1045029990152487,-0.091999641908627,-0.30727223896630956,-0.36019515979827516
740,0.12907701948613887,0.17188385903136283,-0.34281280773477363,-0.3874996269881531
741,-0.0916713914833935,-0.09922115126376413,-0.36783444242189123,-0.3899465847035301
742,0.024887350422249408,-0.0762287010235445,-0.3530184118647608,-0.415042821760019
743,-0.014443018710274239,-0.08619557757154366,-0.35585330190086834,-0.40895526841932495
744,-0.33509892274178626,-0.30473575840768696,-0.38299364387812945,-0.4365283041389394
745,-0.0973710125033571,-0.17988123302796094,-0.36777476052639424,-0.42545731252424573
746,-0.01286144847960371,-0.10125033571066216,-0.34603563009161165,-0.4151174241293903
747,0.07406523231177821,-0.1201545761093372,-0.34436453701769565,-0.3876488317268956
748,-0.2032616155889111,0.01771060248873504,-0.4003461549938826,-0.4373787711497717
749,-0.010369729342603919,-0.20317209274566556,-0.3660589060308555,-0.4176837456357613
750,-0.09853480946554861,-0.33762048282653456,-0.3325326012354152,-0.3892751633791889
751,-0.1809107457252842,-0.25321536211990087,-0.3592402494703231,-0.40368834114171465
752,-0.0049237563785025805,-0.292217480827191,-0.3292053355614573,-0.38002446957715375
753,0.05252006803736086,-0.0399421085613679,-0.33033929157590036,-0.383500939989854
754,-0.17188385903136283,0.03568977350720658,-0.41208856793291754,-0.4568649100295425
755,-0.14023753394407804,-0.08756826116797467,-0.40164423622094225,-0.4360956103965862
756,-0.08911999045089672,-0.14302766255856283,-0.3474978365312882,-0.3911849840350929
757,-0.039688460505505646,0.013622392647190472,-0.3893050043269373,-0.42460684551341343
758,-0.05163976007878009,-0.2675240965653069,-0.3610157858613589,-0.41508758318164174
759,-0.19065381516516963,-0.13144937483214464,-0.3726537554832741,-0.42044403330249763
760,-0.02020232162573483,0.00854943152994539,-0.3415147265077138,-0.38606726149622506
761,-0.042657634806481444,0.03883799349467339,-0.3803676404762614,-0.42736713318014974
762,-0.25242457700456566,-0.013607472173316221,-0.40412103488406786,-0.4666676613649249
763,-0.11457431888036762,-0.09519262331771655,-0.3787114678762197,-0.44318283548685494
764,0.03879323207305063,0.028945719316045473,-0.3407090209185043,-0.3782489331861179
765,-0.06514278893497656,-0.26531586643191785,-0.38596281817910527,-0.4353346662289993
766,0.010683059293963175,-0.16754200113395598,-0.35774820208289815,-0.42594968816209594
767,0.05677240309152218,0.05909999701590521,-0.3412759989257258,-0.3929306794783802
768,-0.08128674166691532,-0.2102443973620602,-0.35263047954403026,-0.4069708453940496
769,-0.09437199725463279,-0.1291516218555101,-0.3902151532332666,-0.43828892005610093
770,-0.1254065829130733,-0.14965235295872995,-0.37205693652830407,-0.426844916594551
771,-0.2769836770015815,0.027975888514219206,-0.38979737996478764,-0.45408970188893194
772,0.05428068395452239,-0.22598549729939418,-0.33157769090746314,-0.3565993255945809
773,-0.11393273850377486,-0.13240428516009667,-0.3754140431500104,-0.4227865477007549
774,-0.16115603831577688,-0.12563039002118706,-0.4011220196353436,-0.4449882128256392
775,-0.2296410133985855,-0.0520575333472591,-0.3952135119811405,-0.43918414848855597
776,-0.0021485482378920348,-0.18668496911461904,-0.34051505475813904,-0.40092805347497834
777,-0.3000208886634239,-0.3075855689176688,-0.3626719584614007,-0.4172212109456596
778,-0.16248396049058514,-0.021172152427561097,-0.3842917251051893,-0.43810987436960996
779,-0.16500552057533346,-0.3078839783951538,-0.3488705201277192,-0.41016382680313923
780,-0.04956581421025932,-0.15374056280027454,-0.3423950344662946,-0.4046283309957924
781,-0.08770254543284293,-0.22947688818596873,-0.38475425979529104,-0.4514935394348124
782,-0.16542329384381246,-0.1186625287219122,-0.37759243233565093,-0.442645698427382
783,-0.01041449076422667,0.053788308316672126,-0.33811285846438477,-0.3826355525051475
784,-0.08559875861657365,-0.1690638894691295,-0.3888573901107099,-0.4397063650741547
785,-0.1556951448778013,-0.321312404881979,-0.38276983677001575,-0.44542090656799255
786,0.0677091104413476,-0.053087046044582364,-0.3392766554265763,-0.3893199248008116
787,-0.08136134403628659,-0.24190564292321923,-0.3879024797827578,-0.4287994986720778
788,-0.19069857658679235,-0.11475336456685863,-0.38241174539703376,-0.4343051535316761
789,-0.03264599683685953,-0.1099340515054758,-0.36568589418399927,-0.4106562024409895
790,-0.06823132702694637,-0.11021754050908654,-0.36237354898391566,-0.42224941064128185
791,-0.08738921548148368,0.138984214138641,-0.34903464534033596,-0.3974963444839008
792,-0.14104323953328757,-0.23659395422398613,-0.37159440183820236,-0.42562143773686245
793,-0.01650204410492077,-0.17130196055026706,-0.33762048282653456,-0.37715973859329766
794,0.06833577034406611,-0.029050162633165223,-0.34330518337262383,-0.3963922294172062
795,-0.05701113067351018,-0.049207722837277305,-0.38300856435200376,-0.43097788785771834
796,-0.04170272447852943,-0.1033093611053087,-0.35161588732058124,-0.40941780310942666
797,-0.10926263018113454,-0.26522634358867236,-0.36255259467040674,-0.4217122735818089
798,-0.136835665900749,-0.09902718510339885,-0.3829488824565067,-0.42593476768822175
799,-0.12498880964459429,-0.18796812986780456,-0.34646832383396486,-0.40283787413088235
800,-0.048804870042672546,-0.39075229029273967,-0.31928322043508095,-0.39592969472710443
801,-0.0797051714362448,-0.25919847214347524,-0.367282384888544,-0.41751962042314456
802,-0.08785175017158543,-0.023007370714093874,-0.35270508191340155,-0.4140431500104443
803,0.0022977529766345377,-0.00553549580734684,-0.3426337620482826,-0.38190444928530926
804,0.14080451195129956,-0.11669302617051115,-0.31200202918444686,-0.3584047029333651
805,-0.0578765181582167,-0.16966070842409953,-0.36362686878935274,-0.4000477455163975
806,-0.09246217659872875,-0.2399809017934409,-0.3632240159947479,-0.41899674733669534
807,-0.14962251201098148,0.027065739607889938,-0.38296380293038107,-0.42380113992420393
808,0.01924741129778281,-0.1302258959744561,-0.33214466891468464,-0.3913043478260868
809,-0.17598698934678164,0.009847512757005161,-0.3788606726149622,-0.4300528184775148
810,-0.1512339231894005,-0.06967861299274863,-0.3733848587031124,-0.41492345796902497
811,-0.22770135179493298,-0.31213631344931514,-0.3764286353734594,-0.4264719047476947
812,-0.013383665065202468,-0.14117752379815582,-0.32164065530721253,-0.36784936289576553
813,-0.034376771806272556,-0.1097251648712363,-0.3668198501984422,-0.4073587777147802
814,-0.1863119572677628,-0.05231118140312136,-0.40259914654889434,-0.45237384739339315
815,-0.11846856256154695,-0.32420697681358357,-0.36422368774432273,-0.40051028020649926
816,-0.0485213810390618,-0.09513294142221955,-0.3744740532959326,-0.4295753633135388
817,-0.15938050192474112,-0.23595237384739337,-0.3604040464325146,-0.41523678792038426
818,-0.037271343737877105,-0.1286144847960371,-0.3603443645370176,-0.40641878786070246
819,-0.04686520843902001,-0.24503894243681174,-0.3545403001999343,-0.40309152218674466
820,-0.16209602816985466,-0.08961236608874697,-0.3589567604667124,-0.4060159350660977
821,-0.09674435260063859,-0.10974008534511055,-0.3660589060308555,-0.4041807167795649
822,-0.17255528035570408,-0.12533198054370207,-0.36807317000387924,-0.4105368386499955
823,0.00802721494434663,-0.12316851183193576,-0.33386052341022343,-0.4056727641669899
824,-0.0007758646414610126,-0.1217212258661335,-0.3436781952194801,-0.3918265644116857
825,-0.0801826266002208,-0.17637492166751212,-0.39140879114320665,-0.445928202679717
826,-0.08154038972277759,-0.0823460953119871,-0.36971442213004685,-0.4081794037778639
827,-0.20375399122676133,-0.08303243711020261,-0.39460177255229617,-0.44175046999492695
828,-0.13018113455283337,-0.0794067619587598,-0.36752111247053204,-0.4222195696935334
829,-0.08580764525081315,-0.19951657664647426,-0.3673569872579153,-0.4174151771060249
830,-0.123422159887798,-0.20551460714392286,-0.36887887559308874,-0.412595864044642
831,-0.11205275879561934,-0.00798245352272388,-0.3736832681805973,-0.4237563785025812
832,-0.11539494494345139,-0.28601056369550293,-0.36407448300558015,-0.409910178747277
833,-0.17712094536122464,-0.3293545403001999,-0.38056160663662675,-0.4135358538987197
834,-0.06011458923935423,-0.11748381128584642,-0.3456924591925039,-0.4055086389543731
835,-0.11937871146787621,-0.1515174121930112,-0.38444092984393174,-0.42774014502700597
836,-0.052415624720241104,0.10071319865118913,-0.3859777386529796,-0.45273193876637513
837,0.017934409596848794,-0.1745247829071051,-0.3386499955238578,-0.3904538808152547
838,-0.06494882277461131,-0.2753125839276655,-0.3556444152666288,-0.3991674375578168
839,0.010832264032705676,-0.1213929754409,-0.32936946077407414,-0.36531288233714293
840,-0.35155620542508426,-0.5531168869923307,-0.40285279460475654,-0.4537316105159499
841,-0.10219032556473992,-0.11382829518665512,-0.3792933663573154,-0.43458864253528684
842,-0.09176091432663899,-0.3454835725582644,-0.3257587060965056,-0.41507266270776755
843,0.018501387604070302,-0.23775775118617765,-0.3524215929097908,-0.4163110620393304
844,-0.10481632896660796,-0.15673957804899882,-0.3890215153233267,-0.4343051535316761
845,-0.2052908000358091,-0.2012771925636358,-0.3923786219450329,-0.4400644564471367
846,-0.1643042583032437,-0.18908716540837334,-0.3585986690937304,-0.4196532481871623
847,-0.11230640685148158,-0.1217809077616305,-0.3487063949151024,-0.40606069648772036
848,-0.08536003103458564,-0.0647697770881203,-0.380934618483483,-0.42700904180716776
849,-0.10941183491987704,-0.026618125391662435,-0.39840649339023004,-0.45355256482945894
850,-0.04955089373638506,-0.07000686341798214,-0.36674524782907103,-0.42341320760347345
851,-0.2686282116320014,-0.4011070991614693,-0.39382590791083527,-0.4590134582674345
852,-0.08533019008683715,-0.06942496493688638,-0.39305004326937415,-0.44115365103995696
853,-0.01477126913550774,-0.14493748321446687,-0.3472591089493002,-0.39434812449643397
854,-0.01903852466354331,-0.1306884306645579,-0.34918385007907843,-0.4037927844588344
855,-0.04001671093073915,-0.06976813583599413,-0.3642833696398197,-0.42969472710453277
856,-2.9840947748500487e-05,-0.012145265733639698,-0.3721763003192981,-0.414804094178031
857,0.21475038047208375,-0.28087792068276085,-0.28211632001432363,-0.3258631494136253
858,0.019292172719405566,-0.10668138820088925,-0.3476022798484079,-0.41831040553847987
859,-0.28590612037838314,-0.17952314165497893,-0.4447644057175255,-0.49183850079078506
860,0.0731700038793232,-0.25073856345677537,-0.3300558025722896,-0.3903494374981349
861,-0.1313747724627734,-0.1657067828474232,-0.37739846617528566,-0.42805347497836527
862,-0.00604279191907135,-0.24621765987287753,-0.3356957416967562,-0.3893497657485601
863,-0.1818954970009847,-0.10918802781176327,-0.3923189400495359,-0.4428993464832442
864,0.0019545820775267817,-0.14866760168302942,-0.3458864253528692,-0.3871266151412968
865,-0.19544328727880395,-0.02015756020411208,-0.4067171973381874,-0.45140401659156687
866,-0.060711408194324246,-0.09923607173763838,-0.34758735937453367,-0.4055235594282474
867,-0.045776013846199747,-0.11831935782280444,-0.37599594163110617,-0.4101936677508877
868,0.024245770045656645,-0.044537614514636975,-0.3762048282653456,-0.44280982363999877
869,-0.185013876040703,-0.12533198054370207,-0.40450896720479834,-0.4585360031034585
870,-0.08433051833726238,-0.228715944018382,-0.3412759989257258,-0.3708185371967413
871,-0.011354480618304436,-0.30586971442213,-0.3448718331294201,-0.36846110232460977
872,-0.21287040076392824,-0.24397958879173998,-0.39652651368207453,-0.45365700814657867
873,-0.09383486019515978,0.019754707409507324,-0.37347438154635787,-0.4450031332995135
874,-0.15330786905792124,-0.054832741487869645,-0.38297872340425526,-0.43175375249917936
875,-0.11166482647488882,-0.08788159111933394,-0.38347109904210547,-0.43324579988660433
876,-0.10189191608725492,-0.031885052669272766,-0.3967055593685655,-0.43058995553698776
877,-0.11997553042284621,0.0366446838351586,-0.3841275998925725,-0.44206379994628625
878,-0.1488317268956462,-0.2066187222106174,-0.3784727402942317,-0.43097788785771834
879,-0.04946137089313955,-0.17386828205663807,-0.36083674017486794,-0.40558324132374435
880,-0.2725224553131807,-0.2543791590820924,-0.38763391125302127,-0.43181343439467634
881,0.023947360568171643,0.08541971293008264,-0.3453045268717734,-0.39349765748560167
882,-0.022127062755513113,-0.19859150726627076,-0.37975590104741724,-0.43393214168481986
883,0.09719196681686608,-0.1106502342514398,-0.3396049058518098,-0.3846199755304229
884,-0.14534033600907162,-0.0009101489063292648,-0.40928351884455844,-0.45540270358986595
885,-0.1392677031422518,0.018635671868938553,-0.3983617319686073,-0.4569544328727879
886,-0.14548954074781414,-0.24430783921697352,-0.362030378084808,-0.4128196711527558
887,-0.16622899943302194,0.04619378711467875,-0.3868729670854346,-0.43755781683626266
888,-0.04162812210915818,-0.1303303392915759,-0.32844439139387066,-0.3721315388976753
889,0.018247739548208047,-0.15866431917877707,-0.36835665900749,-0.40759750529676814
890,0.05687684640864193,-0.10774074184596101,-0.33466622899943294,-0.368595386589478
891,-0.10680075199188324,-0.15318850526692726,-0.37960669630867466,-0.40834352899048065
892,-0.1342842648682522,-0.12206439676524125,-0.35161588732058124,-0.40055504162812205
893,-0.17786696905493715,-0.028886037420548478,-0.3725343916922801,-0.4251887439945092
894,-0.16797469487630923,-0.338545552206738,-0.35561457431888027,-0.4233386052341022
895,-0.1960251857598997,-0.32040225597564975,-0.403479454507475,-0.44551042941123803
896,-0.2858016770612634,-0.008624033899316642,-0.41581868640148,-0.46769717406224814
897,-0.061726000417773264,-0.08547939482557965,-0.35488347109904206,-0.4193996001313001
898,-0.017352511115753033,-0.030691414759332757,-0.3633881412073647,-0.42844140729909574
899,-0.1585449553877831,-0.13987944257109602,-0.3812777893825907,-0.4475992957536331
900,-0.09756497866372234,-0.05859270090418071,-0.414744412282534,-0.441571424308436
901,0.1133806809704276,0.05256482945898361,-0.3435588314284861,-0.3900211870729014
902,0.0666945182178986,-0.08798603443645368,-0.34117155560860607,-0.37826385365999216
903,0.05117722538867833,-0.035585330190086834,-0.35545044910626356,-0.39337829369460775
904,-0.184058965712751,-0.0885828533914237,-0.39303512279549996,-0.43230581003252655
905,-0.1012652561845364,-0.07930231864164006,-0.34954194145206047,-0.40310644266061885
906,-0.053474978365312884,0.014845871504878993,-0.3879323207305063,-0.44613708931395657
907,-0.09486437289248305,-0.25248425890006265,-0.3271910715884336,-0.3631643340992509
908,-0.0489093133597923,-0.18046313150905668,-0.3538987198233415,-0.41396854764107305
909,-0.06582913073319208,-0.37281788069589084,-0.3691922055444481,-0.41932499776192883
910,-0.05723493778162393,-0.2501417445018054,-0.3525409567007848,-0.4074184596102771
911,-0.09355137119154902,-0.08462892781474739,-0.39422876070543994,-0.4428993464832442
912,0.004789472113634328,-0.2835188445585031,-0.35401808361433557,-0.41420727522306106
913,0.09022410551759123,-0.16737787592133924,-0.3271910715884336,-0.382904121034884
914,-0.10824803795768552,0.04816328966607979,-0.40486705857778044,-0.4508370385843454
915,0.07687028140013727,-0.06945480588463489,-0.3117334606547103,-0.3648503476470412
916,-0.050923577332816085,0.024290531467279396,-0.3725343916922801,-0.4166989943600608
917,-0.12630181134552831,-0.26242129450031326,-0.3740861209752021,-0.43687147503804713
918,-0.10381665721703319,-0.009996717495747662,-0.37166900420757354,-0.41959356629166533
919,-0.15275581152457401,-0.15579958819492107,-0.3819939721285548,-0.42620333621795825
920,-0.31425502073945866,-0.05663811882665393,-0.3766076810599504,-0.4293963176270478
921,-0.1793590164423622,-0.32258064516129026,-0.3611053087046044,-0.3980633224911223
922,-0.015741099937334007,-0.17555429560442837,-0.3570917012324311,-0.42151830742144364
923,-0.0400017904568649,0.00020888663423950345,-0.38606726149622506,-0.43664766792993337
924,-0.023425143982572883,-0.2952463370236638,-0.3525409567007848,-0.3837695085195906
925,-0.41589328877085124,-0.3578824863477663,-0.427083644176539,-0.4653695801378651
926,0.07272238966309569,-0.08130166214078959,-0.3421861478320551,-0.38884246963683555
927,0.022738802184357372,-0.11570827489481064,-0.37308644922562734,-0.4132971263167317
928,-0.31871624242785945,-0.15448658649398703,-0.4071498910805406,-0.45943123153591353
929,-0.2184804989406463,-0.2233445734236519,-0.39533287577213444,-0.4501357763122556
930,-0.009534182805645905,0.009847512757005161,-0.33709826624093575,-0.3902300737071409
931,-0.025514010324967917,-0.12415326310763629,-0.38188952881143495,-0.43621497418758015
932,-0.013458267434573722,-0.24890334517024254,-0.33077198531825364,-0.3911402226134702
933,-0.021097550058189845,-0.03692817283876935,-0.3521082629584315,-0.41171555608606125
934,-0.06029363492584524,-0.13893945271701827,-0.3660589060308555,-0.41641550535645
935,-0.2238518695353764,-0.08421115454626837,-0.39542239861538,-0.43775178299662787
936,-0.14857807883978394,-0.3189400495359732,-0.38884246963683555,-0.4527020978186267
937,0.06811196323595237,-0.1564113276237653,-0.3306227805795111,-0.3828892005610097
938,-0.20381367312225834,-0.10037002775208138,-0.3729820059085076,-0.4272179284414072
939,-0.002267912028886037,-0.05292292083196561,-0.32335650980275127,-0.3829190415087583
940,-0.06943988541076063,-0.13510489093133596,-0.3617468890811972,-0.4058965712751037
941,-0.12122885022828324,-0.15327802811017274,-0.36795380621288526,-0.4154605950284981
942,-0.10275730357196143,-0.09337232550505803,-0.36820745426874757,-0.42784458834412575
943,-0.24864969711438034,-0.3394706215869415,-0.379024797827579,-0.43775178299662787
944,-0.010295126973232668,-0.009578944227268656,-0.3487213153889767,-0.4085673360985944
945,-0.13513473187908445,-0.35537584673689226,-0.3465727671510847,-0.40477753573453484
946,-0.03227298499000328,-0.059980304974485976,-0.3765032377428307,-0.42390558324132366
947,0.03501835218286532,-0.30196055026707647,-0.34855719017635994,-0.41422219569693525
948,-0.18696845811822982,0.025021634687117662,-0.3916773596729432,-0.44840500134284256
949,-0.12751036972934257,-0.09168631195726776,-0.38120318701321954,-0.4374533735191429
950,-0.10551759123869772,-0.14134164901077256,-0.3672973053624183,-0.41705708573304284
951,-0.08950792277162722,-0.08840380770493268,-0.39663095699919426,-0.43657306556056213
952,0.12848020053116885,-0.11039658619557756,-0.3406941004446301,-0.3915281549342006
953,-0.12428754737250453,-0.02508131658261466,-0.39000626659902715,-0.4329921518307421
954,-0.13265793321595892,-0.10538330697382949,-0.4048521381039061,-0.44343648354271725
955,-0.1973829488824565,-0.21367610635313777,-0.4063441854913311,-0.457431888036764
956,-0.0017158544955387781,-0.08515114440034614,-0.3629852884127599,-0.426009370057593
957,-0.09762466055921934,-0.09565515800781832,-0.3773387842797887,-0.423860821819701
958,-0.13711915490435975,-0.17920981170361966,-0.3707290143534958,-0.4198472143475276
959,-0.184178329503745,0.04209065679925994,-0.41334188773835456,-0.4533585986690936
960,-0.15811226164542982,-0.3369490615021932,-0.332219271284056,-0.38393363373220735
961,-0.11579779773805614,-0.1771060248873504,-0.34114171466085763,-0.4018232819074333
962,0.01102623019307093,0.07490077884873622,-0.35424189072244927,-0.40092805347497834
963,-0.020649935841962338,-0.2789681000268568,-0.3434245471636179,-0.3921100534152964
964,0.043821431768672967,0.09962400405836888,-0.3592402494703231,-0.4046432514696666
965,-0.17917997075587117,-0.36388051684521494,-0.36969950165617255,-0.4201456238250127
966,0.2832502760287666,-0.0047148697442630765,-0.31552326101876993,-0.36098594491361036
967,0.05629494792754617,-0.2626003401868043,-0.35249619527916204,-0.40168899764256505
968,-0.22532899644892718,-0.47902181373280406,-0.35977738652979613,-0.4167735967294321
969,0.17403240726925487,-0.2238220285876279,-0.3125690071916684,-0.3691474441228253
970,-0.07482617647936497,-0.15699322610486108,-0.3707290143534958,-0.4138790247978275
971,-0.1501447285965802,-0.14959267106323296,-0.38118826653934523,-0.4417952314165497
972,-0.12945003133299512,-0.08518098534809465,-0.3568380531765688,-0.411760317507684
973,0.03767419653248187,0.04443317119751723,-0.35437617498731755,-0.398108083912745
974,0.1403419772611978,0.08380830175166362,-0.3426486825221568,-0.40694100444630116
975,-0.27805795112052756,-0.04628330995792426,-0.42529318731162896,-0.4819909880337799
976,0.026677807287159436,-0.2117662856972337,-0.35695741696756284,-0.39998806362090056
977,-0.06427740145027004,-0.30819730834651304,-0.3587180328847244,-0.40531467279400785
978,0.02628987496642893,0.12646593655814506,-0.3585389871982334,-0.4044791262570499
979,-0.13459759481961145,-0.02208230133389036,-0.3719226522634359,-0.4388260571155739
980,0.1314344543582704,-0.2071260183223419,-0.338127778938259,-0.3902897556026379
981,0.013234460326459965,0.12063203127331322,-0.3449016740771686,-0.4033153292948583
982,-0.11173942884426007,-0.18647608248037956,-0.3755632478887529,-0.42654650711706604
983,-0.00856435200381964,-0.335263047954403,-0.35169048968995253,-0.41325236489510897
984,-0.2160633821730178,-0.22662707767598694,-0.3727432783265196,-0.43742353257139444
985,-0.07217033212974842,-0.260735280952523,-0.3257437856226313,-0.38126286890871647
986,-0.04406015935066097,-0.004237414580287069,-0.3746232580346751,-0.42323416191698243
987,-0.1249291277490973,-0.20369430933126434,-0.3727731192742681,-0.4273372922324012
988,0.14911521589925694,-0.15007012622720894,-0.36191101429381395,-0.4068514816030556
989,-0.022335949389752616,-0.29991644534630413,-0.3591507266270776,-0.39660111605144577
990,0.05104294112381008,0.04792456208409178,-0.3495121005043119,-0.4208767270448508
991,-0.11978156426248096,-0.0430008057055892,-0.39196084867655395,-0.44004953597326246
992,-0.1772552296260929,-0.15669481662737605,-0.38727581988003934,-0.43921398943630446
993,0.016636328369789025,-0.09347676882217777,-0.3457819820357494,-0.3876935931485183
994,-0.18962430246784637,-0.0004625346901017576,-0.39406463549282317,-0.4471069201157828
995,0.037166900420757355,-0.08812031870132193,-0.3485721106502342,-0.3968249231595595
996,-0.10526394318283548,-0.08755334069410044,-0.3600011936379099,-0.4152517083942585
997,-0.10963564202799078,-0.10392110053415295,-0.351123511682731,-0.41337172868610295
998,-0.0369430933126436,-0.23393810987436955,-0.36043388738026316,-0.41638566440870156
999,-0.1964429590283787,-0.06141267046641401,-0.3846050550565485,-0.4442123481841782
