iteration,rho_inner,rho_annulus,rho_inner_env,rho_delta_ie
1,-0.15948494524186088,-0.2618393960192175,-0.06156187520515651,-0.05313180746620512
2,-0.17354003163140458,-0.04267255528035569,-0.15597863388141206,-0.15147265077138847
3,0.11784190265882842,-0.10154874518814716,0.17477843096296736,0.1760168302945301
4,-0.01107099161469368,-0.008907522902927395,0.05293784130583986,0.06244218316373728
5,-0.26389842141386405,0.047655993554355285,-0.319760675599057,-0.3186565605323625
6,-0.2116469219062397,-0.12845035958342035,-0.05545940139058816,-0.04972993942287607
7,-0.1505028199695622,0.07840709020918503,-0.18752051565157704,-0.18376055623526602
8,-0.01902360418966906,-0.03281012204947629,0.04077765509832591,0.03897227775954164
9,0.061726000417773264,-0.08962728656262121,0.13525409567007846,0.1430127420846886
10,-0.01891916087254931,-0.0759899734415565,0.0928650293933335,0.0894183999283817
11,-0.16487123631046519,-0.07536331353883798,-0.07642266718390975,-0.07021575005222165
12,-0.03767419653248187,-0.09571483990331532,0.04212049774700844,0.04984930321387006
13,-0.01645728268329802,0.14201307033511384,-0.07751186177673003,-0.08073468413356806
14,-0.1702426069051953,0.06447136761063531,-0.10997881292709855,-0.12000537137059472
15,-0.016561726000417772,-0.2589149831398645,0.12025901942645695,0.11842380113992418
16,-0.15666497567962756,-0.17462922622422486,0.01281668705798096,0.023126734505087874
17,-0.22397123332637042,-0.08025722896959206,-0.09999701590522514,-0.08883650144728596
18,-0.2214198322938736,-0.0729312762973352,-0.16930261705111752,-0.16937721942048878
19,-0.053176568887827874,-0.006251678553310852,-0.06011458923935423,-0.06550088030795857
20,-0.08779206827608843,-0.08510638297872339,-0.03900211870729014,-0.04138939452717018
21,-0.09550595326907581,-0.014651905344513737,-0.10239921219897942,-0.11448479603712211
22,0.029796186326877735,-0.06268091074572528,0.07467697174062247,0.07161827459640117
23,-0.0366446838351586,-0.012443675211124704,0.04138939452717018,0.042747157649726954
24,-0.12679418698337858,0.06587389215481483,-0.16548297573930945,-0.16063382173017812
25,-0.10523410223508697,-0.42223449016740766,0.15875384202202258,0.15614275909402883
26,-0.1348512428754737,-0.16482647488884242,-0.044731580675002235,-0.045149353943481234
27,0.06981289725761688,-0.22420996090835843,0.17713586583509888,0.16455790635910594
28,-0.21628718928113155,-0.2330876428635373,-0.06065172629882724,-0.0549371848049894
29,-0.20569365283041388,-0.0890901495031482,-0.14026737489182656,-0.138984214138641
30,-0.07770582793709527,-0.07509474500910147,0.07570648443794574,0.07294619677120945
31,-0.0970129211303751,-0.28729372444868845,-0.024290531467279396,-0.028438423204320964
32,-0.024141326728536895,-0.1760019098206559,0.036793888573901104,0.031512040822416515
33,-0.09960908358449463,-0.1485929993136582,-0.014562382501268237,-0.010071319865118914
34,0.05399719495091163,-0.009668467070514159,0.03482438602250007,0.03054221002059025
35,-0.29035242159290975,-0.08958252514099846,-0.19004207573632534,-0.18361135149652347
36,-0.0671719733818746,-0.05438512727164214,-0.13018113455283337,-0.12664498224463608
37,-0.08997045746172896,-0.1426844916594551,0.023634030616812383,0.024051803885291396
38,0.06080093103756974,-0.16126048163289664,0.043358897078571206,0.039584017188385896
39,-0.20940885082510216,-0.25519978514517616,0.04690996986064276,0.04662648085703202
40,-0.24102533496463843,0.02209722180776461,-0.1995314971203485,-0.19177285070573838
41,-0.035719614454955084,-0.09766942198084208,0.007848169257855628,0.006699292769538359
42,0.09055235594282474,-0.23062576467428603,0.17006356121870428,0.17106323296827905
43,-0.15684402136611858,-0.15979827519322012,-0.019560741249142068,-0.020649935841962338
44,0.036092626301811336,-0.18116439378114646,0.11614096863716389,0.13115096535465964
45,-0.08025722896959206,-0.22092745665602337,0.1288830533257736,0.1289725761690191
46,-0.03395899853779356,0.0044463012145265724,-0.031303154188177015,-0.029587299692638236
47,-0.05911491748977946,-0.17331622452329082,0.08395750649040612,0.08364417653904686
48,-0.06957416967562888,-0.2983647160633821,0.08509146250484914,0.09019426456984272
49,-0.03075109665482975,-0.09085076542030975,0.036793888573901104,0.0398227447703739
50,-0.13025573692220463,-0.14926442063799944,0.005983110023574348,0.005028199695622333
51,-0.06857449792605412,-0.1799558353973322,0.05440004774551639,0.059860941183491986
52,-0.05633970934916892,0.03540628450359583,-0.09356629166542328,-0.1001014592223449
53,-0.39148339351257794,-0.2689266211094864,-0.21718241771358654,-0.21603354122526927
54,-0.2427859508818,-0.03622691056667959,-0.09813195667094386,-0.09699800065650084
55,0.02599146548894393,-0.10860612933066752,0.0865387484706514,0.0885231714959267
56,0.02614067022768643,-0.11672286711825966,-0.011697651517412193,0.009638626122765658
57,0.02699113723851869,-0.19695025514010323,0.11970696189310971,0.11646921906239739
58,-0.23544507773566883,-0.1942048879472412,-0.031482199874668014,-0.02955745874488973
59,-0.10729312762973349,-0.19808421115454622,0.03264599683685953,0.033063770105338536
60,0.005102802064993584,-0.15153233266688548,0.06447136761063531,0.06933544209364088
61,0.07212557070812567,-0.005774223389334844,-0.0048939154307540795,-0.010131001760615916
62,-0.12997224791859388,-0.022694040762734617,-0.03974814240100265,-0.05332577362657037
63,-0.15175613977499924,0.027423830980871946,-0.18641640058488254,-0.1788367998567634
64,-0.06632150637104234,-0.3043478260869565,0.13097191966816862,0.1307481125600549
65,-0.33359195488048693,0.07588553012443675,-0.21842081704514935,-0.21942048879472412
66,-0.0666945182178986,-0.3600011936379099,0.06160663662677926,0.052161976664378856
67,-0.11038166572170328,-0.3566739279639521,0.05135627107516934,0.04676076512190026
68,-0.14437050520724534,-0.12007997373996597,-0.0152934857211065,-0.013517949330070722
69,0.03210885977738652,-0.2705529527617797,0.20809584912416818,0.2134821401927725
70,-0.16402076929963294,-0.17649428545850615,-0.06056220345558174,-0.05883142848616872
71,-0.10505505654859595,-0.18371579481364322,-0.009877353704753662,-0.013353824117453969
72,-0.12694339172212107,-0.25803467518128376,-0.01903852466354331,-0.0091760914326639
73,-0.07706424756050251,-0.031482199874668014,-0.06026379397809674,-0.056265106979797676
74,-0.14038673868282053,-0.31592611381337465,0.07863089731729879,0.08837396675718419
75,-0.12680910745725282,-0.09162663006177076,-0.09854972993942286,-0.09574468085106382
76,0.06999194294410789,0.022798484079854374,0.05007311032198382,0.05450449106263614
77,0.03576437587657783,-0.007012622720897615,-0.02845334367819521,-0.02811017277908746
78,-0.1712870400763928,-0.16073826504729788,0.0019545820775267817,-0.004386619319029572
79,-0.07206588881262868,-0.19056429232192415,0.02863238936468622,0.024380054310524896
80,0.011936379099400195,-0.03097490376294351,0.013905881650801226,0.010668138820088923
81,-0.03286980394497328,0.00020888663423950345,0.027841604249350952,0.03139267703142251
82,0.04783503924084628,-0.16384172361314195,0.11734952702097817,0.12201963534361848
83,0.1008474829160574,-0.13238936468622242,0.10454776043687147,0.10430903285488345
84,-0.07212557070812567,-0.20645459699800062,0.061621557100653514,0.05616066366267792
85,-0.009817671809256662,-0.17145116528900953,0.09541643042583031,0.09013458267434572
86,-0.07384142520366445,-0.08249530005072961,-0.024051803885291396,-0.023619110142938136
87,-0.11129181462803257,-0.2560054907343857,0.08131658261466383,0.08892602429053147
88,0.010578615976843423,0.1512190027155262,-0.13037510071319863,-0.1294201903852466
89,-0.24245770045656648,-0.08527050819134015,-0.13432902628987495,-0.12816687057980958
90,-0.12188535107875025,-0.17542001133956012,-0.008430067738951387,-0.012010981468771447
91,-0.11164990600101457,-0.11059055235594281,-0.10512965891796722,-0.10484616991435645
92,-0.1713765629196383,0.10039986869982988,-0.1855957745217988,-0.18502879651457727
93,-0.06051744203395899,-0.31243472292680013,0.13768613291158124,0.13388141207364743
94,-0.03471994270538031,-0.24409895258273395,0.059905702605114734,0.05545940139058816
95,0.028483184625943715,-0.21727194055683205,0.19838262063203127,0.19814389305004326
96,-0.006191996657813852,-0.2430395989376622,0.16685565933574048,0.17324162215391958
97,-0.0013130017009340216,-0.3027364149085374,0.2035451045925218,0.19903912148249828
98,-0.07200620691713168,0.06254662648085701,-0.07158843364865267,-0.07339381098743696
99,-0.16901912804750677,-0.07096177374593415,-0.06011458923935423,-0.046686162752529015
100,-0.06972337441437139,-0.3271612306406851,0.07240905971173643,0.076795679030766
101,0.02442481573214765,-0.04586553668944525,0.0091462504849154,-0.0010593536450717673
102,-0.14556414311718538,-0.07412491420727521,-0.09237265375548326,-0.09338724597893228
103,-0.029229208319656228,-0.18674465101011606,0.1570827489481066,0.16230491480409417
104,-0.13537345946107246,-0.20369430933126434,-0.027289546716003695,-0.030870460445823755
105,-0.1672286711825967,-0.22362806242726266,0.01596490704544776,0.05896571275103696
106,-0.07951120527587956,-0.21148279669362297,0.010175763182238666,0.005117722538867833
107,-0.3151054877502909,-0.07724329324699351,-0.2800871355674256,-0.26983677001581563
108,-0.15532213303094503,-0.15330786905792124,-0.05619050461042642,-0.0554146399689654
109,-0.11970696189310971,-0.04801408492733729,-0.09065679925994449,-0.07114081943242516
110,0.009295455223657902,0.02990062964399749,0.044970308256990235,0.049610575631882065
111,-0.1236907284175345,-0.06042791919071349,-0.07781027125421501,-0.07588553012443675
112,-0.10342872489630268,0.03594342156306884,-0.09725164871236308,-0.09022410551759123
113,0.045552206738085986,-0.23223717585270506,0.08377846080391511,0.08265942526334635
114,0.02021724209960908,-0.004670108322640326,0.09226821043836352,0.09698308018262658
115,-0.25326012354152366,0.02628987496642893,-0.18775924323356505,-0.1887141535615171
116,0.012458595684998953,-0.05014771269135507,-0.14496732416221536,-0.14507176747933512
117,-0.08923935424189071,-0.09632657933215957,-0.024603861418638653,-0.018769956133806803
118,-0.20682760884485688,-0.184775148458715,-0.11785682313270268,-0.11400734087314612
119,-0.07005162483960489,-0.09932559458088387,0.010563695502969173,-0.011936379099400195
120,-0.21627226880725728,-0.2905016263316523,-0.022589597445614867,-0.025364805586225416
121,-0.03777863984960162,-0.12689863030049833,0.14229655933872457,0.14237116170809583
122,-0.2041419235474918,-0.08797111396257944,-0.08649398704902866,-0.08928411566351346
123,-0.03125839276655426,-0.13662677926650948,0.05013279221748082,0.04816328966607979
124,-0.11775237981558292,0.09926591268538687,-0.13255348989883917,-0.12955447465011485
125,-0.0678583151800901,-0.1421921160216048,-0.05687684640864193,-0.05259467040673211
126,0.07606457581092774,-0.22186744651010112,0.18947509772910381,0.1916236459669959
127,0.01769568201486079,-0.1942794903166124,0.12516785533108532,0.12657037987526482
128,-0.0490585180985348,-0.24459132822058427,0.08898570618602844,0.08726985169048967
129,-0.07518426785234698,-0.30752588702217176,0.07879502252991553,0.06086061293306675
130,-0.031034585658440507,-0.03260123541523678,0.02397720151592014,0.029796186326877735
131,-0.13726835964310224,-0.17082450538629104,-0.0667542001133956,-0.06544119841246157
132,-0.15497896213183726,-0.1250484915400913,-0.10944167586762554,-0.0966846707051416
133,-0.006833577034406612,-0.18950493867685234,0.05536987854734266,0.04192653158664318
134,-0.014443018710274239,0.010668138820088923,-0.027050819134015695,-0.0303780848079735
135,0.042583032437110195,0.1533227895317955,0.014666825818387989,0.00974306943988541
136,-0.23134194742025002,-0.13631344931515021,-0.0729611172450837,-0.06784339470621585
137,-0.13820834949718003,-0.03861418638655963,-0.15591895198591507,-0.16106651547253137
138,-0.07482617647936497,-0.10196651845662616,-0.0012831607531855209,0.0017606159171615287
139,-0.23393810987436955,-0.07819820357494553,-0.08956760466712423,-0.091462504849154
140,-0.11188863358300259,-0.16898928709975825,0.03354122526931455,0.035958342036943085
141,0.03692817283876935,-0.13622392647190473,0.11790158455432542,0.11497717167497239
142,-0.18332786249291272,-0.12093044075079822,-0.01900868371579481,-0.020993106741070095
143,0.006385962818179105,-0.13028557786995312,0.060010145922234484,0.06109934051505475
144,-0.09196980096087849,-0.3083017516636328,0.021201993375309595,0.023305780191578886
145,-0.16533377100056695,0.03774879890185312,-0.138148667601683,-0.13813374712780876
146,0.03855450449106263,-0.06512786846110231,-0.010921786875951179,-0.015756020411208257
147,-0.12855480290054008,-0.3393363373220733,0.17762824147294917,0.17376383873951834
148,-0.08119721882366983,-0.1705111754349318,-0.03016919817373399,-0.041538599265912676
149,-0.1598579570887171,-0.1033690430008057,-0.06545611888633582,-0.05736922204649218
150,0.09122377726716599,-0.13353824117453966,0.14281877592432335,0.14143117185401807
151,-0.07273731013696995,-0.23268479006893256,0.06769418996747335,0.07828772641819103
152,-0.2497388917072006,-0.3868878875593088,-0.00017904568649100292,-0.02637939780967443
153,-0.2086180657097669,-0.09046283309957921,-0.14757840709020917,-0.15195010593536448
154,0.04237414580287069,-0.29943899018232817,0.14856315836590966,0.14775745277670016
155,-0.08776222732833994,-0.2713437378771149,0.040703052728954664,0.036062785354062835
156,0.08462892781474739,-0.08428575691563962,0.052952761779714114,0.05296768225358837
157,-0.1254961057563188,-0.017248067798633283,-0.10899406165139802,-0.09893766226015337
158,-0.1878636865506848,-0.10545790934320072,-0.10072811912506338,-0.10587568261167972
159,0.03959893766226015,-0.1749127152278356,0.14017785204858102,0.14766792993345465
160,0.016099191310316015,-0.05989078213124048,0.13280713795470142,0.12797290441944434
161,0.029303810689027474,-0.0399421085613679,0.09931067410700961,0.09414819014651903
162,-0.14704127003073614,-0.1241234221598878,-0.047044254125511026,-0.0483423353525708
163,-0.051669601026528594,-0.20793172391155143,0.11720032228223566,0.12027393990033121
164,-0.2032616155889111,0.025021634687117662,-0.1609471516815374,-0.14663841723613139
165,-0.23595237384739337,0.0029094924054787977,-0.20748410969532388,-0.20824505386291067
166,-0.17325654262779383,-0.19521948017069018,-0.12361612604816327,-0.1269732326698696
167,-0.037972606009966874,-0.13219539852585716,0.01650204410492077,0.03203425740801527
168,-0.12146757781027123,-0.2417564381844767,-0.026677807287159436,-0.025961624541195424
169,-0.040807496046074414,-0.10172779087463817,0.004998358747873831,0.008071976365969381
170,-0.31896989048372176,-0.08707588553012442,-0.11551430873444538,-0.11758825460296617
171,-0.08707588553012442,-0.20373907075288708,0.0676792694935991,0.06626182447554534
172,-0.15817194354092684,-0.06899227119453313,-0.08125690071916683,-0.08806063680582492
173,-0.0699621019963594,-0.1916534869147444,0.06702276864313209,0.06763450807197635
174,0.06532183462146757,0.0550565485959834,-0.04310524902270896,-0.0427322371758527
175,0.12125869117603173,-0.14528065411357463,0.21005043120169495,0.20918504371698843
176,0.1222583629256065,-0.1380591447584375,0.1592014562382501,0.1565306914147593
177,-0.17188385903136283,-0.10624869445853599,-0.05064008832920533,-0.0584136552176897
178,-0.3598370684252931,-0.06885798692966488,-0.17380860016114108,-0.1752708066008176
179,-0.16731819402584225,-0.10318999731431469,-0.1041150666945182,-0.09663990928351882
180,-0.12598848139416907,-0.14689206529199367,-0.043150010444331706,-0.045776013846199747
181,-0.11731968607322968,-0.24177135865835095,-0.00044761421622750735,-0.00026856852973650434
182,-0.013846199755304227,-0.04317985139208021,0.0818686401480111,0.08343528990480736
183,0.0183521828653278,-0.1093969144460028,0.0675300647548566,0.05708573304288144
184,-0.12719703977798333,-0.0701411476828504,-0.04192653158664318,-0.043299215183074204
185,-0.1186625287219122,-0.1620214258004834,0.006938020351526363,0.008012294470472381
186,-0.1508310703947957,0.012503357106621704,-0.12880845095640236,-0.12212407866073825
187,-0.07512458595684998,-0.2667631523977201,0.10574139834681148,0.09974336784936289
188,0.01659156694816627,-0.1713765629196383,0.11658858285339141,0.11463400077586462
189,-0.13156873862313864,0.027229864820506693,-0.008892602429053145,-0.011608128674166688
190,0.1154247858911999,-0.02503655516099191,0.09862433230879411,0.09285010891945926
191,-0.1038464981647817,-0.25493121661543966,0.09998209543135088,0.10013130017009339
192,-0.005117722538867833,-0.20605174420339586,0.11573811584255914,0.1227358180895825
193,-0.12668974366625882,-0.2941123810092208,0.016382680313926767,0.016143952731938763
194,-0.11211244069111635,-0.10289158783682968,-0.08513622392647188,-0.08230133389036433
195,-0.0862701799409149,0.1442959028378741,-0.12489928680134879,-0.12698815314374381
196,-0.184178329503745,0.08410671122914862,-0.19029572379218762,-0.19023604189669063
197,-0.1735997135269016,-0.09587896511593205,-0.047387425024618776,-0.03710721852526035
198,-0.17188385903136283,-0.19250395392557665,-0.05314672794007937,-0.05031183790397182
199,-0.16103667452478287,-0.23496762257169285,-0.08030199039121481,-0.07557220017307748
200,-0.10609948971979348,-0.16636328369789022,0.011220196353436183,0.010697979767837425
201,-0.0700814657873534,-0.2240607561696159,0.006356121870430604,0.005416132016352838
202,-0.08673271463101667,-0.2057085733042881,0.047894721136343285,0.04574617289845124
203,-0.10136969950165614,-0.17303273551968007,0.023738473933932143,0.025812419802452923
204,-0.12500373011846855,-0.3283399480767508,0.15112947987228073,0.15021933096595147
205,-0.12188535107875025,-0.17346542926203334,-0.03157172271791352,-0.03313837247470979
206,0.04541792247321774,-0.17289845125481182,0.12971859986273163,0.13177762525737816
207,-0.10827787890543401,-0.19062397421742114,0.014935394348124494,0.01908328608516606
208,-0.023499746351944135,-0.3875593088836501,0.2200769896451911,0.21952493211184385
209,-0.05222165855987585,-0.244218316373728,0.036286592462176595,0.03782340127122437
210,-0.00552057533347259,-0.21506371042344302,0.10754677568559576,0.10402554385127269
211,-0.08077944555519083,-0.12281042045895377,0.08718032884724418,0.07904867058577779
212,-0.08952284324550147,-0.026110829279937926,-0.047775357345349274,-0.05677240309152218
213,-0.045492524842589,-0.34540897018889316,0.2372653755483274,0.27543194771865953
214,-0.07552743875145473,-0.11824475545343319,0.010563695502969173,0.008609113425442391
215,-0.1509504341857897,-0.1497866372235982,-0.04183700874339768,-0.03900211870729014
216,-0.1956521739130434,-0.2021724209960908,-0.04644743517054101,-0.049043597624660554
217,-0.11200799737399657,-0.2175852705081913,0.05996538450061173,0.05520575333472591
218,-0.009384978066903402,-0.11566351347318789,0.015009996717495746,0.015039837665244244
219,-0.13283697890244994,-0.10938199397212854,-0.10791978753245202,-0.1122168840082361
220,-0.12100504312016948,-0.13652233594938976,-0.03879323207305063,-0.03633135388379934
221,-0.004043448419921816,-0.10250365551609919,0.08176419683089133,0.08339052848318461
222,-0.05498194622661214,0.004073289367670317,-0.06412819671152756,-0.054086717794157135
223,-0.07233445734236517,-0.2652711050102951,0.16551281668705795,0.1730625764674286
224,0.029139685476410725,-0.12494404822297155,0.10223508698636269,0.10932231207663153
225,-0.16972039031959651,-0.17894124317388316,-0.06023395303034824,-0.062099012264629515
226,-0.17823998090179344,-0.03449613559726657,-0.056175584136552166,-0.057682551997851446
227,-0.09538658947808182,-0.12475008206260628,-0.040941780310942665,-0.039255766763152386
228,-0.10751693473784725,-0.06627674494941958,-0.047476947867864286,-0.04047924562084091
229,-0.042448748172241944,-0.1731819402584226,0.09720688729074034,0.09292471128883052
230,0.11421622750738562,0.011518605830921187,0.06297932022321028,0.07475157410999371
231,-0.05847333711318671,0.14893617021276595,-0.11726000417773268,-0.1172152427561099
232,-0.12843543910954608,-0.0483423353525708,-0.0640237533944078,-0.06556056220345557
233,-0.03163140461341052,-0.06491898182686281,-0.05301244367521112,-0.05874190564292321
234,0.06314344543582703,-0.15924621765987287,0.07175255886126942,0.07148399033153291
235,-0.023768314881680637,-0.019709945987884572,0.010101160812867415,0.008803079585807644
236,-0.3079735012383993,-0.18520784220106828,-0.1500850467010832,-0.14504192653158662
237,-0.30203515263644765,-0.244695771537704,-0.17940377786398493,-0.17983647160633817
238,-0.10362269105666795,-0.3880666049953746,0.15238279967771776,0.15499388260571154
239,-0.16881024141326728,-0.022992450240219623,-0.1333890364357972,-0.14434066425949685
240,-0.07026051147384439,-0.13352332070066544,0.09285010891945926,0.09168631195726776
241,-0.19453313837247468,-0.22128554802900538,-0.046686162752529015,-0.036420876727044846
242,-0.07825788547044253,-0.19954641759422279,0.06439676524126406,0.08071976365969383
243,-0.04085225746769716,-0.10365253200441644,-0.024633702366387154,0.00307361761809555
244,-0.1254662648085703,-0.19690549371848046,-0.04170272447852943,-0.03357106621706305
245,-0.06354629823043179,-0.14560890453880812,0.076556951448778,0.0765271105010295
246,-0.2518277580495956,-0.035958342036943085,-0.12600340186804332,-0.1248097639581033
247,0.04758139118498403,-0.20461937871146785,0.1006684372295664,0.10044463012145266
248,-0.1887738354570141,0.14128196711527555,-0.22576169019128042,-0.22726865805257973
249,-0.19512995732744468,-0.0091462504849154,-0.14553430216943689,-0.1458923935424189
250,0.07606457581092774,-0.1831935782280445,0.0858524066724359,0.0786010563695503
251,-0.12422786547700752,-0.2219420488794724,0.04513443346960699,0.044627137357882485
252,-0.12425770642475603,0.004043448419921816,-0.15421801796425053,-0.15338247142729253
253,-0.3611799110739757,-0.16972039031959651,-0.15026409238757424,-0.13913341887738354
254,-0.19247411297782813,-0.1503834561785682,0.006923099877652114,0.01347318790844797
255,-0.001521888335173525,-0.1894303363074811,0.13861120229178478,0.14305750350631133
256,-0.10527886365670971,-0.27443227596908476,0.12409358121213927,0.122944704723822
257,-0.08380830175166362,-0.36671540688132254,0.16254364238608213,0.1512190027155262
258,-0.02815493420071021,-0.09567007848169257,0.02916952642415923,0.02876667362955447
259,-0.289770523111814,-0.059577452179881224,-0.06541135746471308,-0.07161827459640117
260,-0.08152546924890333,-0.1741368505863746,0.1094267553937513,0.1164990600101459
261,-0.07133478559279041,-0.016173793679687264,-0.05915967891140222,-0.0551460714392289
262,-0.09067171973381873,-0.076556951448778,-0.07260302587210168,-0.08051087702545433
263,-0.1037868162692847,-0.23383366655724983,0.1338068097042762,0.1318820685744979
264,-0.11339560144430184,-0.13219539852585716,0.07205096833875443,0.07551251827758047
265,0.0006266599027185102,-0.04843185819581629,0.0396735400316314,0.04267255528035569
266,-0.12774909731133058,-0.17009340216645277,-0.0019247411297782816,-0.009504341857897405
267,-0.1653785324221897,-0.04901375667691205,-0.1168571513831279,-0.11606636626779265
268,-0.17513652233594934,-0.258586732714631,-0.0019396616036525317,-0.008071976365969381
269,-0.006938020351526363,-0.11878189251290619,0.06332249112231804,0.0639043896034138
270,-0.1144549550893736,-0.2895019545820775,0.08049595655158007,0.07740741845961027
271,0.005087881591119333,-0.20229178478708484,0.1214824982841455,0.12515293485721105
272,0.010369729342603919,-0.1409984781116648,0.1257049923905583,0.1410880009549103
273,-0.05914475843752797,0.03570469398108084,-0.05316164841395362,-0.05613082271492942
274,-0.09159678911402225,-0.1664528065411357,0.10744233236847602,0.10715884336486525
275,-0.07469189221449672,-0.0003431708991077556,-0.07510966548297573,-0.07546775685595773
276,-0.10712900241711674,-0.23757870549968663,0.08424099549401688,0.09168631195726776
277,0.03495867028736832,-0.23471397451583056,0.14929426158574796,0.15490435976246603
278,-0.2623616126048163,-0.08295783474083135,-0.12776401778520483,-0.1341052191817612
279,-0.2891289427352212,-0.21190056996210196,-0.14208767270448508,-0.14255020739458682
280,-0.22276267494255614,-0.2852645400017904,0.029035242159290972,0.023574348721315388
281,-0.14563874548655664,-0.23196860732296853,0.08242069768135835,0.08489749634448389
282,-0.1417743427531258,-0.20766315538181487,-0.054564172958133136,-0.057220017307749685
283,0.038435140700068635,-0.0707678075855689,0.12042314463907373,0.11772253886783442
284,-0.1775834800513264,-0.30372116618423795,-0.06063680582495299,-0.06251678553310852
285,-0.24078660738265045,-0.24579988660439853,-0.08049595655158007,-0.0794962848020053
286,-0.17439049864223685,-0.1682283429321715,-0.05290800035809136,-0.05428068395452239
287,-0.09658022738802183,0.05962221360150397,-0.11739428844260091,-0.11496225120109813
288,-0.1037868162692847,-0.288815612783862,0.07692996329563427,0.07772074841096953
289,-0.13085255587717465,-0.12131837307152872,-0.03855450449106263,-0.05074453164632508
290,0.023693712512309388,-0.18422309092536776,0.08553907672107665,0.08604637283280114
291,-0.017471874906747037,-0.34230551162304906,0.15278565247232248,0.1513532869803945
292,-0.15009996717495744,0.021619766643788604,-0.23211781206171106,-0.21340753782340122
293,-0.08561367909044791,0.02370863298618364,-0.12366088746978601,-0.12665990271851033
294,-0.15490435976246603,-0.03901703918116439,-0.13174778430962966,-0.1353883799349467
295,-0.10208588224762016,-0.31119632359523736,0.08198800393900509,0.0792575572200173
296,-0.06327772970069528,-0.18765479991644532,-0.004401539792903822,-0.008668795320939391
297,-0.1010862104980454,-0.2451881471755543,0.07072304616394616,0.07143922890991017
298,0.02927396974127898,-0.1470860314523589,0.06987257915311389,0.07524394974784397
299,-0.1039957029035242,-0.19877055295276175,-0.005237086329861836,-0.011861776730028945
300,0.06951448778013189,-0.10569663692518873,0.09644594312315358,0.09508818000059681
301,-0.022276267494255615,-0.07504998358747872,-0.03281012204947629,-0.013935722598549728
302,-0.21124406911163496,-0.16391632598251318,-0.022335949389752616,-0.016800453582405773
303,-0.2354301572617946,-0.0802124675479693,-0.17222702993047057,-0.1733311449971651
304,0.153651039957029,-0.07345349288293394,0.12301930709319325,0.1401629315747068
305,-0.1172450837038584,-0.22905911491748976,0.10145922234490166,0.0974605353466026
306,-0.0032079018829638027,-0.07998866043985556,0.02915460595028498,0.02163468711766285
307,-0.020097878308615078,-0.062367580794366016,0.09364089403479454,0.09277550655008802
308,-0.24593417086926678,-0.08533019008683715,-0.13955119214586253,-0.13823819044492852
309,-0.11781206171107993,-0.14523589269195186,0.05602637939780967,0.05668288024827668
310,-0.2065291993673719,-0.11478320551460712,-0.11473844409298437,-0.1217212258661335
311,-0.042075736325385686,0.12737608546447432,-0.018695353764435558,-0.021440720957297602
312,-0.1443555847333711,-0.34554325445376144,0.01344334696069947,0.03548088687296708
313,-0.05022231506072633,-0.1636179165050282,0.054221002059025386,0.059860941183491986
314,-0.09362597356092028,-0.0801826266002208,-0.031139028975560257,-0.030303482438602244
315,0.07636298528841275,-0.12840559816179759,0.06102473814568349,0.061919966578138516
316,-0.03187013219539852,-0.0887917400256632,0.03273551968010503,0.028468264152069465
317,-0.061696159470024756,-0.27109008982125266,0.09068664020769297,0.08788159111933394
318,-0.034108203276536055,-0.25801975470740945,0.139521351198114,0.14763808898570616
319,-0.1772253886783444,-0.16003700277520813,-0.09590880606368056,-0.1048014084927337
320,-0.04112082599743368,-0.2508877681955179,0.04488078541374473,0.04661156038315777
321,-0.011264957775058934,0.019993434991495324,-0.07794455551908328,-0.077034406612754
322,-0.18299961206767923,-0.04610426427143326,-0.07690012234788576,-0.07801915788845451
323,0.14437050520724534,0.1513682074542687,0.004073289367670317,0.0011936379099400194
324,-0.2559159678911402,-0.12260153382471424,-0.1291516218555101,-0.13127032914565365
325,0.01947121840589657,-0.16449822446360896,0.0678583151800901,0.06918623735489839
326,0.1218405896571275,-0.10593536450717674,0.20527587956193485,0.199382292381606
327,-0.22009191011906537,-0.20524603861418636,0.010787502611082926,0.031168869923308758
328,-0.10978484676673331,-0.10095192623317714,-0.020127719256363582,-0.03849482259556562
329,0.003834561785682313,-0.123362477992301,0.08495717823998089,0.07609441675867624
330,-0.19289188624630715,-0.11645429858852316,0.03303392915759004,0.04249350959386469
331,0.04589537763719375,-0.19533884396168416,0.14638476918026913,0.1497866372235982
332,0.030258721016979497,-0.08949300229775296,0.07651219002715526,0.0796156485929993
333,0.017382352063501534,-0.1162603324281579,0.010489093133597922,0.0006565008504670108
334,0.03331741816120079,0.12754021067709106,-0.0639640714989108,-0.0642624809763958
335,-0.042210020590253944,0.008101817313717884,-0.04186684969114619,-0.04511951299573274
336,-0.17127211960251854,-0.14011817015308403,0.055011787174360643,0.05096833875443883
337,0.0614425114141625,0.04047924562084091,0.04061352988570916,0.04804392587508579
338,-0.15048789949568794,-0.07657187192265225,-0.08547939482557965,-0.09073140162931573
339,-0.07782519172808927,-0.1971889827220912,0.04774551639760078,0.060950135776312246
340,0.013637313121064724,-0.005416132016352838,-0.008892602429053145,-0.00857927247769389
341,-0.10584584166393123,-0.32653457073796655,0.17558413655217686,0.18268628211632
342,-0.12449643400674405,-0.16112619736802836,-0.01293605084897496,-0.017352511115753033
343,-0.19886007579600726,-0.11606636626779265,-0.11896093819939718,-0.12619736802840859
344,-0.1225567724030915,-0.06857449792605412,-0.10524902270896123,-0.1010563695502969
345,0.008594192951568139,-0.20973710125033568,0.13362776401778517,0.13867088418728177
346,-0.12956939512398913,-0.15826146638417235,-0.05632478887529467,-0.05653367550953417
347,0.04846169914356479,-0.08956760466712423,0.044865864939870485,0.03800244695771537
348,-0.20996090835844944,-0.1894004953597326,-0.06720181432962309,-0.06972337441437139
349,-0.23875742293575242,-0.08434543881113662,-0.03622691056667959,-0.029139685476410725
350,0.042941123810092206,-0.26818059741577394,0.21673480349735907,0.21640655307212556
351,-0.19238459013458264,-0.26636029960311536,0.08413655217689713,0.08270418668496911
352,-0.17938885739011068,-0.20978186267195845,-0.0026558443496165433,-0.0018650592342812806
353,0.011190355405687684,-0.10654710393602099,-0.0010891945928202678,-0.00738563456775387
354,-0.19069857658679235,-0.07618393960192174,-0.07798931694070603,-0.07654203097490375
355,-0.12934558801587537,0.025887022171824176,-0.07766106651547251,-0.07502014263973023
356,-0.039255766763152386,-0.2140789591477425,0.07075288711169465,0.07528871116946674
357,-0.022649279341111873,0.00844498821282564,-0.07803407836232878,-0.07885470442541254
358,-0.16342395034466292,-0.12458595684998953,-0.018396944286950552,-0.005550416281221091
359,-0.13978991972785051,-0.09878845752141087,-0.08895586523827995,-0.0732595267225687
360,-0.07954104622362804,-0.28627913222523943,0.15118916176777772,0.1515770940885082
361,-0.09468532720599206,-0.09595356748530331,-0.011951299573274444,-0.014443018710274239
362,-0.24281579182954846,-0.23020799140580703,-0.12824147294918084,-0.13156873862313864
363,-0.08628510041478916,-0.14368416340902984,0.06127838620154575,0.05539971949509116
364,0.00799737399659813,-0.37160932231207655,0.14998060338396346,0.13162842051863566
365,-0.30618304437348925,-0.04383635224254722,-0.17546477276118289,-0.17201814329623105
366,-0.1004893915430754,-0.24496434006744053,0.05319148936170212,0.05240070424636685
367,-0.05904031512040822,-0.21692876965772429,0.122467249559846,0.12118408880666048
368,-0.11385813613440363,-0.31495628301154843,0.12203455581749274,0.12569007191668405
369,-0.14493748321446687,-0.11715556086061292,-0.0586225418519292,-0.0638447077079168
370,-0.14389305004326935,-0.18489451224970901,-0.026528602548416932,-0.020888663423950345
371,-0.31980543702067976,-0.30749604607442327,-0.10997881292709855,-0.10871057264778727
372,-0.041165587419056425,-0.08161499209214883,0.05583241323744441,0.04999850795261257
373,0.03395899853779356,-0.11357464713079286,0.08665811226164541,0.0890603085553997
374,-0.019157888454537312,-0.229790218137328,0.12034854226970247,0.11145593984064933
375,-0.10857628838291902,-0.16485631583659094,0.06633642684491657,0.0676195875981021
376,0.03640595625317059,-0.07446808510638298,0.09825132046193785,0.1041747485900152
377,0.11223180448211033,0.11084420041180507,0.04498522873086448,0.05538479902121691
378,-0.05486258243561815,-0.20084449882128252,0.02191817612127361,0.009056727641669898
379,-0.0049237563785025805,-0.18032884724418846,0.11773745934170868,0.1223180448211035
380,-0.15320342574080148,-0.0981767180925666,-0.0889111038166572,-0.08716540837336993
381,-0.04804392587508579,-0.08415147265077137,-0.053295932678821864,-0.045611888633582995
382,-0.1434901972486646,-0.09796783145832709,-0.03075109665482975,-0.0215004028527946
383,-0.24681447882784754,-0.11585747963355314,-0.17019784548357253,-0.1729730536241831
384,-0.2784757243890066,-0.20766315538181487,-0.1706603801736743,-0.17397272537375785
385,-0.039584017188385896,0.07664647429202351,-0.058458416639312456,-0.0646205723493778
386,0.04283668049297245,-0.05441496821939064,0.10111605144579391,0.10856136790904478
387,-0.20624571036376113,-0.27479036734206674,-0.013652233594938973,-0.011294798722807434
388,-0.0582644504789472,-0.058562859956432206,0.03380979379905105,0.04807376682283429
389,-0.15966399092835187,-0.025707976485333173,-0.1037271343737877,-0.10650234251439825
390,-0.19392139894363045,-0.10254841693772193,-0.06887290740353913,-0.07285667392796394
391,-0.1481603055713049,-0.31985019844230245,0.06066664677270149,0.06591865357643757
392,-0.03654024051803885,-0.08803079585807644,-0.0123243114201307,-0.0057891438632090945
393,0.01536808809047775,-0.15186058309211897,0.07225985497299393,0.06283011548446778
394,0.0767658380830175,-0.15436722270299302,0.0702903524215929,0.07121542180179642
395,-0.2875473725045507,-0.20781236012055743,-0.1524275610993405,-0.16029065083107036
396,-0.24159231297185996,-0.21519799468831127,-0.021545164274417352,-0.0734684133568082
397,-0.11418638655963712,-0.3436334337978574,0.12425770642475603,0.12430246784637879
398,-0.09064187878607023,-0.1595297066634836,0.09392438303840529,0.076795679030766
399,-0.009459580436274656,0.09652054549252483,-0.09674435260063859,-0.1004297096475784
400,-0.14972695532810118,-0.02078422010683059,0.004610426427143326,0.00613231476231685
401,-0.077094088508251,-0.12348184178329502,0.05699621019963593,0.0578765181582167
402,0.06694816627376085,0.0122944704723822,0.002685685297365044,0.013771597385932975
403,0.11218704306048759,-0.055534003759959406,0.07145414938378442,0.07706424756050251
404,0.015696338515711256,-0.05669780072215092,0.05441496821939064,0.05272895467160036
405,0.0485213810390618,-0.2577661066515472,0.13050938497806688,0.11960251857598996
406,-0.17180925666199154,-0.1595893885589806,-0.04616394616693026,-0.05598161797618691
407,-0.19982990659783353,0.006818656560532362,-0.11358956760466712,-0.11102324609829604
408,-0.18756527707319984,0.02984094774850049,-0.23116290173375903,-0.23404255319148934
409,-0.08844856912655545,-0.16272268807257317,-0.035316761660350325,-0.040553847990212166
410,-0.1471158724001074,-0.10857628838291902,0.0024320372415027897,-0.0008057055892095131
411,-0.018501387604070302,-0.306287487690609,0.17637492166751212,0.17509176091432663
412,-0.02346990540419563,-0.40465817194354087,0.19013159857957082,0.18658052579749929
413,-0.13665662021425798,-0.23395303034824383,0.11788666408045116,0.12076631553818147
414,0.07467697174062247,-0.07864581779117304,0.008430067738951387,0.010131001760615916
415,-0.2520664856315836,-0.2829667870251559,-0.031377756557548264,-0.02945301542776998
416,-0.09857957088717137,0.05029691743009757,-0.07475157410999371,-0.0857927247769389
417,-0.13838739518367102,-0.23283399480767505,-0.02011279878248933,-0.040807496046074414
418,-0.2405628002745367,-0.17898600459550593,-0.10186207513950642,-0.10195159798275193
419,-0.15005520575333472,-0.11731968607322968,-0.10839724269642803,-0.11076959804243382
420,-0.027110501029512693,-0.03889767539017038,-0.0033272656739578043,0.008146578735340634
421,-0.01947121840589657,0.07209572976037718,-0.026006385962818172,-0.035316761660350325
422,0.08264450478947209,0.14140133090626958,0.007922771627226878,0.011846856256154694
423,-0.010817343558831426,-0.08215212915162184,0.025931783593446923,0.024141326728536895
424,-0.09498373668347705,-0.07391602757303571,-0.021694369013159853,-0.011996060994897197
425,-0.154844677866969,-0.0734087314613112,-0.08586732714631015,-0.07467697174062247
426,-0.0610844200411805,-0.2618990779147145,0.09452120199337528,0.08424099549401688
427,-0.12079615648592998,-0.33111515621736143,0.15824654591029808,0.16827310435379425
428,-0.13941690788099428,-0.15518784876607677,-0.04334397660469696,-0.02936349258452448
429,0.031810450299901524,-0.08324132374444211,0.1190504610426427,0.12569007191668405
430,-0.2429202351466682,-0.2027692399510608,-0.14080451195129956,-0.13964071498910804
431,-0.02255975649786637,-0.13216555757810866,0.038882754916296135,0.042210020590253944
432,-0.08410671122914862,-0.16803437677180624,0.0394944943451404,0.045790934320074
433,-0.21199009280534747,-0.2133030945062815,0.01699441974277103,0.018098534809465546
434,-0.12655545940139057,-0.11987108710572646,-0.0339440780639193,-0.03428724896302706
435,-0.009564023753394407,0.0024618781892512902,0.02178389185640536,0.02682701202590194
436,-0.02963206111426098,0.09799767240607558,-0.01530840619498075,-0.008877681955178896
437,-0.00790785115335263,-0.1113067351019068,0.03568977350720658,0.02925904926740473
438,-0.2839515383008564,-0.3896481752260451,0.06738086001611411,0.05551908328608515
439,-0.21695861060547278,0.015696338515711256,-0.1445943123153591,-0.14701142908298767
440,0.012234788576885201,-0.29943899018232817,0.20314225179791706,0.20384351407000684
441,-0.03243711020262003,-0.2937244486884903,0.11734952702097817,0.11714064038673866
442,-0.03892751633791888,-0.1348810838232222,0.06827608844856912,0.0678881561278386
443,-0.12269105666795975,-0.01583062278057951,-0.23128226552475303,-0.25123093909462557
444,0.019322013667154067,0.01647220315717227,-0.008295783474083135,-0.004699949270388827
445,0.06629166542329383,0.01715854495538778,-0.007400555041628122,-0.00613231476231685
446,0.011145593984064932,0.032959326788218786,-0.004908835904628331,-0.01108591208856793
447,-0.27820715585927003,-0.38969293664766785,-0.04215033869475694,-0.04016591566948166
448,-0.0641729581331503,-0.034466294649518066,-0.0054310524902270885,0.0027006057712392942
449,-0.24468085106382975,-0.25066396108740413,-0.045552206738085986,-0.047775357345349274
450,-0.09290979081495628,0.0019545820775267817,-0.13731312106472499,-0.13810390618006024
451,-0.1794933007072304,-0.34460326459968366,0.11664826474888841,0.11288830533257735
452,-0.1434006744054191,-0.3110023574348721,0.05117722538867833,0.055638447077079156
453,-0.024887350422249408,-0.016725851213034524,0.028886037420548478,0.027513353824117452
454,-0.21765987287756255,-0.3461699143564799,0.05417624063740264,0.05029691743009757
455,-0.08019754707409506,-0.1664528065411357,-0.012458595684998953,-0.01159320820029244
456,-0.0671421324341261,-0.18923637014711586,0.06018919160872548,0.058100325266330445
457,-0.13073319208618064,-0.04056876846408641,0.02081406105457909,0.0305571304944645
458,-0.2577661066515472,-0.20306764942854585,-0.20500731103219838,-0.2035451045925218
459,0.0008653874847065142,0.01172749246516069,-0.08859777386529795,-0.0884634896004297
460,-0.006967861299274864,-0.021560084748291602,-0.03701769568201486,-0.037375787054996855
461,-0.15087583181641845,-0.008683715794813642,-0.1509504341857897,-0.15302438005431052
462,-0.15723195368684906,-0.17394288442600936,-0.10095192623317714,-0.10222016651248843
463,-0.21610814359464053,-0.07264778729372444,-0.12842051863567186,-0.12813702963206108
464,-0.13602996031153947,0.05002834890036107,-0.10423443048551222,-0.10765121900271551
465,-0.17994091492345793,-0.17682253588373964,-0.10110113097191964,-0.10062367580794364
466,-0.10583092119005698,0.08340544895705886,-0.12524245770045656,-0.13041986213482137
467,0.020008355465369575,-0.23431112172122584,0.14571334785592788,0.14457939184148486
468,0.000492375637850258,-0.27140341977261195,0.12628689087165407,0.1270030736176181
469,-0.16030557130494463,-0.3119871087105726,0.022947688818596875,0.01899376324192056
470,-0.11948315478499595,-0.0734982543045567,-0.016322998418429765,-0.004789472113634328
471,-0.09180567574826173,-0.37653307869057917,0.1154844677866969,0.10951627823699679
472,-0.18514816030557127,-0.07924263674614306,-0.11429082987675686,-0.11936379099400196
473,-0.05880158753842022,-0.12312375041031302,0.11118737131091283,0.1100832562442183
474,-0.17688221777923663,-0.31501596490704536,0.07484109695323922,0.07513950643072423
475,-0.243024678463788,-0.1911909522246426,-0.08935871803288471,-0.08658350989227416
476,0.05332577362657037,-0.26172003222822354,0.22082301333890364,0.22043508101817308
477,0.0008653874847065142,-0.3487362358628509,0.15705290800035807,0.15508340544895705
478,-0.038957357285667384,-0.06466533377100056,-0.05865238279967771,-0.06676912058726983
479,-0.1036972934260392,-0.0911939363194175,-0.025827340276327174,-0.027244785294380944
480,-0.2416072334457342,-0.31045029990152484,0.030601891916087254,0.02637939780967443
481,-0.18507355793620003,-0.2748351287636895,-0.016129032258064516,-0.014890632926501743
482,-0.24354689504938673,-0.5231714959267105,0.058368893796066953,0.06605293784130584
483,-0.03403360090716481,-0.29649965682910084,0.11797618692369669,0.13838739518367102
484,0.0460595028498105,-0.0889111038166572,0.08145086687953207,0.06374026439079704
485,-0.21979350064158035,-0.04352302229118796,-0.12269105666795975,-0.12491420727522305
486,-0.2412939034943749,-0.26142162275073855,-0.00968338754438841,-0.0056100981767180915
487,-0.08777714780221418,-0.11993076900122346,-0.04807376682283429,-0.042553191489361694
488,-0.15068186565605324,-0.34434961654382135,0.056473993614037175,0.06517262988272507
489,-0.027886365670973707,-0.08467368923637013,0.0049237563785025805,0.00020888663423950345
490,0.006938020351526363,-0.21746590671719732,0.12740592641222281,0.1317627047835039
491,-0.09738593297723135,-0.05666795977440243,-0.05265435230222911,-0.05399719495091163
492,-0.19372743278326515,-0.2568261167974695,0.05087881591119333,0.06327772970069528
493,-0.17252543940795553,-0.12379517173465429,-0.10932231207663153,-0.10880009549103278
494,0.018068693861717045,-0.13264301274208468,0.15759004505983107,0.154307540807496
495,-0.029572379218763985,-0.1596192295067291,0.04805884634896004,0.043582704186684966
496,-0.02224642654650711,-0.00011936379099400195,0.04088209841544566,0.0244397362060219
497,-0.055847333711318656,-0.30594431679150125,0.19495091164095368,0.19568201486079193
498,-0.02925904926740473,0.10101160812867414,-0.09475992957536329,-0.09862433230879411
499,-0.05117722538867833,-0.1899376324192056,0.045253797260601,0.042881441914595204
500,-0.2366983975411059,-0.16516964578795018,-0.08625525946704066,-0.08185371967413685
501,0.0034764704127003064,0.027975888514219206,0.061352988570917005,0.06736593954223985
502,-0.04323953328757721,0.0013876040703052729,-0.06290471785383903,-0.060383157769090735
503,0.1644236220942377,-0.08947808182387872,0.19401092178687593,0.20175464772761179
504,-0.25237981558294287,-0.3246993524514338,-0.06600817641968308,-0.061173942884426
505,-0.09149234579690248,-0.05398227447703738,-0.07309540150995195,-0.07321476530094594
506,-0.2428307123034227,-0.1446838351586046,-0.12806242726268985,-0.13010653218346213
507,0.02915460595028498,-0.36231386708841873,0.22528423502730446,0.2350123839933156
508,-0.024394974784399146,-0.06320312733132404,-0.016203634627435768,0.0060278714451970986
509,0.008236101578586135,-0.12762973352033657,0.11658858285339141,0.10457760138461997
510,0.06524723225209632,-0.1298081227059771,0.10851660648742202,0.1097251648712363
511,0.009608785175017159,-0.1840888066604995,0.13076303303392914,0.13258333084658766
512,-0.24890334517024254,-0.09672943212676434,-0.0928053474978365,-0.09405866730327354
513,-0.051908328608516595,-0.12762973352033657,0.09147742532302823,0.07782519172808927
514,-0.13423950344662944,-0.1352988570917012,-0.061352988570917005,-0.05325117125719912
515,-0.11309719196681683,-0.06882814598191637,-0.02333562113932738,-0.012652561845364207
516,-0.17762824147294917,-0.21309420787204197,-0.009250693802035151,-0.013249380800334217
517,-0.1764495240368834,0.0022977529766345377,-0.12324311420130703,-0.11660350332726567
518,-0.22902927396974124,-0.17088418728178806,-0.05163976007878009,-0.04828265345707379
519,-0.14081943242517378,-0.05654859598340842,-0.15882844439139387,-0.16146936826713612
520,-0.33736683477067225,-0.3965712751036973,0.008847841007430395,0.008892602429053145
521,0.07918295485064604,-0.016129032258064516,0.08738921548148368,0.08518098534809465
522,-0.062337739846617515,-0.13968547641073079,0.056011458923935414,0.04916296141565455
523,-0.01457730297514249,-0.16913849183850077,0.05250514756348661,0.055593685655456415
524,0.055936856554564166,-0.08388290412103487,-0.009295455223657902,-0.0008057055892095131
525,-0.005371370594730088,-0.2087672704485094,0.12959923607173762,0.13962579451523377
526,-0.09535674853033331,-0.17931425502073942,-0.051759123869774104,-0.046984572230014024
527,-0.16278236996807016,-0.17415177106024884,0.06642594968816208,0.07427411894601771
528,0.012950971322849211,0.01660648742204052,0.008057055892095131,0.01408492733729223
529,-0.14835427173167018,-0.10982960818835605,-0.07084240995494016,-0.07012622720897614
530,-0.26762853988242663,-0.18382023813076304,-0.08910506997702246,-0.09290979081495628
531,0.011921458625525946,-0.05144579391841484,0.05920444033302497,0.0673510190683656
532,0.019292172719405566,-0.12452627495449255,0.08252514099847812,0.07024559099997014
533,0.038912595864044636,0.08137626451016083,-0.07324460624869444,-0.07287159440183819
534,-0.026901614395273186,0.06377010533854553,-0.10166810897914116,-0.10251857598997342
535,0.09962400405836888,0.02014263973023783,0.03607770582793709,0.040494166094715164
536,-0.08313688042732235,-0.22125570708125689,0.04434364835427172,0.04192653158664318
537,-0.27025454328429466,-0.17088418728178806,-0.061755841365521764,-0.08373369938229237
538,0.12307898898869024,0.0122646295246337,0.08356957416967561,0.07167795649189818
539,-0.18875891498313982,-0.15988779803646563,-0.05774223389334845,-0.05932380412401897
540,0.06796275849720987,-0.08477813255348988,0.05920444033302497,0.04682044701739727
541,-0.027856524723225206,-0.0950284981050998,0.1028319059413327,0.08504670108322639
542,-0.009325296171406403,-0.1650801229447047,0.10268270120259017,0.10739757094685325
543,-0.11505177404434362,-0.1352690161439527,0.019336934141028318,0.019262331771657065
544,-0.13376204828265345,-0.19445853600310345,-0.02245531318074662,-0.0241711676762854
545,0.18237295216496074,-0.09223836949061502,0.2782369968070185,0.27599892572588103
546,-0.13150905672764165,-0.09810211572319537,-0.0050729611172450825,-0.011921458625525946
547,-0.038539584017188384,-0.12555578765181583,0.055131150965354654,0.05075945212019933
548,0.008236101578586135,0.017486795380621287,-0.007117066038017366,-0.008952284324550147
549,0.06636626779266508,-0.25590104741726594,0.21460117573334125,0.2089313956611262
550,-0.1285846438482886,-0.07381158425591595,0.030601891916087254,0.02937841305839873
551,0.09407358777714779,-0.1265853003491391,0.19126555459401387,0.18787860702455908
552,-0.30318402912476494,-0.16572170332129746,-0.16369251887439942,-0.16126048163289664
553,0.06265106979797677,-0.14116260332428154,0.1956521739130434,0.1926979200859419
554,0.2305213213571663,0.1672286711825967,0.05010295126973232,0.05163976007878009
555,-0.03801736743158962,-0.12710751693473782,0.05037151979946882,0.05457909343200739
556,-0.12774909731133058,-0.23628062427262686,-0.009772910387633909,-0.00735579362000537
557,-0.04206081585151144,-0.2574676971740622,0.15688878278774132,0.15062218376055622
558,-0.2786100086538748,-0.1322401599474799,-0.1424457640774671,-0.14241592312971857
559,-0.18962430246784637,0.05941332696726447,-0.19250395392557665,-0.21057264778729368
560,-0.10918802781176327,-0.11485780788397838,-0.014099847811166482,-0.010324967920981169
561,-0.2614962251201098,0.029766345379129238,-0.2738354570141147,-0.27690907463221026
562,-0.15330786905792124,-0.14117752379815582,-0.05072961117245083,-0.0518188057652711
563,-0.08264450478947209,-0.09681895497000984,-0.045268717734475244,-0.043150010444331706
564,-0.3047208379338127,-0.29778281758228636,-0.057786995314971196,-0.07933215958938854
565,-0.035316761660350325,-0.03473486317925457,-0.03671928620452985,-0.04664140133090626
566,-0.29032258064516125,-0.0242606905195309,-0.1896392229417206,-0.18601354779027776
567,0.008131658261466383,-0.15717227179135207,0.0889111038166572,0.08953776371937572
568,0.02845334367819521,-0.2596311658858285,0.16488615678433943,0.17106323296827905
569,-0.12143773686252274,0.04553728626421174,-0.03519739786935633,-0.03421264659365581
570,-0.05962221360150397,-0.11327623765330785,0.0038047208379338123,0.009713228492136908
571,-0.2806839545223956,-0.0983259228313091,-0.09647578407090208,-0.10181731371788368
572,-0.11676762853988241,-0.14410193667750887,-0.02187341469965086,-0.019053445137417562
573,-0.04131479215779892,-0.24581480707827275,0.12745068783384558,0.13125540867177937
574,-0.16833278624929124,-0.1442660618901256,-0.12825639342305512,-0.12907701948613887
575,-0.07419951657664646,-0.16418489451224966,0.03216854167288353,0.029229208319656228
576,-0.1881024141326728,-0.3701023544507773,-0.04707409507325951,-0.05101310017606158
577,0.06666467727015009,-0.2720450001492047,0.18516308077944554,0.18006027871445193
578,-0.12506341201396554,-0.3465727671510847,0.15894780818238785,0.16391632598251318
579,0.1225567724030915,-0.006565008504670108,0.0787204201605443,0.07521410880009548
580,-0.0578765181582167,8.952284324550146e-05,-0.02915460595028498,-0.028408582256572466
581,-0.22932768344722626,-0.12090059980304972,-0.08725493121661541,-0.07782519172808927
582,-0.30294530154277693,-0.2581689594461519,-0.038569424964936885,-0.036092626301811336
583,-0.20966249888096442,-0.1341052191817612,-0.0928053474978365,-0.08998537793560323
584,0.018769956133806803,-0.19268299961206767,0.1698845155322133,0.1691832532601235
585,-0.04138939452717018,-0.11455939840649339,0.04847661961743904,0.055295276177971406
586,-0.21473545999820953,-0.10888961833427828,-0.08782190922383694,-0.08880666049953746
587,-0.037375787054996855,0.04307540807496046,-0.05902539464653397,-0.0547282981707499
588,0.07769090746322103,-0.10110113097191964,0.10633821730178149,0.10493569275760198
589,0.004908835904628331,-0.046850287965145766,0.04635791232729551,0.051833726239145346
590,-0.21609322312076626,-0.22379218763987938,-0.034973590761242575,-0.032049177881889525
591,0.007490077884873622,-0.2306406851481603,0.1613350840022679,0.15702306705260954
592,-0.12498880964459429,0.11315687386231385,-0.21122914863776068,-0.21613798454238903
593,0.000552057533347259,-0.30222911879681297,0.11985616663185221,0.11802094834531944
594,-0.1620512667482319,0.0614425114141625,-0.1723314732475903,-0.17747903673420665
595,-0.11711079943899015,-0.18984810957596007,-0.05668288024827668,-0.055534003759959406
596,0.058160007161827454,-0.08403210885977738,0.0852555877174659,0.08677747605263941
597,-0.20697681358359937,-0.14808570320193368,-0.10557727313419474,-0.09820655904031511
598,0.08747873832472917,-0.16948166273760853,0.11021754050908654,0.11955775715436721
599,-0.06399391244665929,0.0795559666975023,0.010190683656112916,0.016427441735549518
600,-0.3153292948584046,-0.23622094237712984,-0.1933842618841574,-0.19028080331831337
601,0.12354152367879202,-0.04435856882814597,0.09452120199337528,0.10566679597744023
602,0.026215272597057675,-0.1469965086091134,0.07504998358747872,0.08841872817880696
603,-0.16038017367431587,-0.3128226552475306,0.03340694100444629,0.0365551609919131
604,-0.1393870669332458,-0.25881053982274477,0.06465041329712631,0.06829100892244336
605,-0.18140312136313447,-0.499582226731521,0.25952672256870873,0.25970576825519975
606,-0.0792575572200173,-0.12378025126078003,0.032228223568380523,0.024618781892512903
607,-0.012563039002118706,-0.24013010653218342,0.11578287726418189,0.11552922920831964
608,0.07691504282176001,-0.05062516785533108,0.07273731013696995,0.0733788905135627
609,-0.1966220047148697,-0.047999164453463035,-0.12016949658321147,-0.11667810569663692
610,-0.04155351973978693,-0.14599683685953863,0.027871445197099456,0.027513353824117452
611,-0.14107308048103606,-0.06174092089164751,-0.09244725612485451,-0.09857957088717137
612,0.055936856554564166,-0.18211930410909846,0.17016800453582404,0.16684073886186623
613,0.09041807167795647,-0.21701829250096982,0.1929963295634269,0.18029900629643997
614,0.10896422070364951,-0.03956909671451165,0.13409029870788697,0.13001700934021665
615,-0.25439407955596666,0.01536808809047775,-0.20035212318343226,-0.21290024171167676
616,-0.1651099638924532,-0.011011309719196682,-0.11191847453075107,-0.10902390259914654
617,0.09413326967264479,-0.2114380352720002,0.168437229566411,0.16960102652860254
618,-0.19844230252752826,-0.1288532123780251,-0.062307898898869014,-0.059980304974485976
619,-0.1659753513771597,-0.03745038942436811,-0.10862104980454178,-0.10415982811614094
620,0.03131807466205126,-0.057786995314971196,0.12545134433469604,0.122288203873355
621,-0.07582584822893974,0.022276267494255615,-0.08453940497150188,-0.09134314105816
622,-0.06503834561785682,-0.04297096475784071,-0.022306108442004115,-0.013115096535465965
623,-0.0736176180955507,-0.06200948942138401,-0.09616245411954281,-0.07331920861806569
624,-0.1592312971859986,-0.0056996210199635935,-0.11672286711825966,-0.11420130703351138
625,-0.21792844140729903,-0.334606547103936,0.04297096475784071,0.028721912207931723
626,-0.19193697591835515,-0.1755990570260511,-0.0152338038256095,-0.008758318164184892
627,-0.21203485422697022,-0.1760019098206559,-0.13734296201247348,-0.13635821073677298
628,-0.05848825758706096,-0.21269135507743722,0.11276894154158333,0.12007997373996597
629,-0.1295395541762406,-0.025946704067321174,-0.0804213541822088,-0.07761630509384977
630,-0.10272746262421292,0.031407597505296765,-0.045268717734475244,-0.04121034884067917
631,0.001462206439676524,-0.11179911073975708,0.0783921697353108,0.0789293067947838
632,0.06487422040524006,-0.260257825788547,0.23013338903643576,0.22271791352093342
633,0.0025215600847482912,-0.27140341977261195,0.16960102652860254,0.16983975411059052
634,-0.15232311778222077,-0.17907552743875144,0.07111097848467667,0.06733609859449136
635,-0.06848497508280861,-0.22315060726328667,0.14659365581450864,0.1437289248306526
636,0.0051624839604905845,-0.1649010772582137,0.03294440631434454,0.027229864820506693
637,0.0854644743517054,-0.0892095132941422,0.13417982155113245,0.1350302885619647
638,-0.09461072483662081,-0.23262510817343554,0.05935364507176747,0.0705589209513294
639,0.018650592342812806,-0.2706723165527737,0.15068186565605324,0.13835755423592253
640,-0.13243412610784516,-0.13861120229178478,-0.08009310375697531,-0.07895914774253229
641,-0.20908060039986867,-0.08910506997702246,-0.13946166930261703,-0.1455044612216884
642,-0.05059532690758258,-0.24251738235206347,0.08777714780221418,0.0892095132941422
643,-0.17486795380621287,-0.1466085762883829,-0.05107278207155859,-0.03785324221897287
644,-0.11578287726418189,-0.3604040464325146,0.1186326877741637,0.11799110739757093
645,-0.08424099549401688,-0.1321804780519829,-0.008370385843454387,-0.0057294619677120935
646,-0.076079496284802,-0.26427143326072033,0.05104294112381008,0.058160007161827454
647,-0.18314881680642175,-0.18452150040285276,-0.12436214974187577,-0.12307898898869024
648,-0.14228163886485032,-0.061666318522276255,-0.052952761779714114,-0.04850646056518755
649,-0.21473545999820953,-0.3000805705589209,0.015532213303094504,0.02021724209960908
650,-0.16023096893557337,-0.015203962877860997,-0.08838888723105844,-0.0804213541822088
651,-0.1347020381367312,-0.2088866342395034,0.019560741249142068,0.016024588940944762
652,-0.07695980424338275,-0.1461311211244069,0.008295783474083135,0.009011966220047147
653,-0.004908835904628331,-0.043224612813702955,0.0031332995135925513,0.010175763182238666
654,-0.11555907015606814,-0.2948434842290591,0.076735997135269,0.06829100892244336
655,-0.03163140461341052,-0.11015785861358957,0.06409835576377905,0.06186028468264151
656,-0.09295455223657902,-0.138566440870162,-0.05219181761212735,-0.0556235266032049
657,0.09762466055921934,-0.21500402852794603,0.17467398764584763,0.18567037689117
658,-0.016710930739160273,-0.14927934111187371,0.06375518486467129,0.05965205454925247
659,-0.04805884634896004,-0.25681119632359517,0.15460595028498103,0.14856315836590966
660,-0.0925069380203515,-0.042866521440720944,0.08430067738951388,0.08139118498403508
661,-0.22859658022738796,-0.2010384649816478,-0.1279281429978216,-0.12113932738503773
662,-0.38585837486198554,-0.1421771955477306,-0.2251350302885619,-0.22335949389752616
663,0.04537316105159499,-0.21398943630449702,0.16930261705111752,0.16409537166900418
664,-0.04999850795261257,-0.2859956432216286,0.1419235474918683,0.15138312792814296
665,-0.07572140491181999,-0.24517322670168,0.08683715794813641,0.0885828533914237
666,-0.11417146608576288,-0.11282862343708036,-0.00616215571006535,-0.007519918832622122
667,-0.034943749813494074,-0.10151890424039867,-0.03683864999552385,-0.0394049715018949
668,-0.12397421742114527,-0.004401539792903822,-0.13665662021425798,-0.1315836590970129
669,-0.09302915460595026,-0.24681447882784754,0.08122705977141832,0.08243561815523259
670,-0.0986541732565426,-0.01159320820029244,-0.0669630867476351,-0.08028706991734057
671,-0.04984930321387006,-0.016860135477902775,-0.008310703947957385,-0.009101489063292648
672,-0.09353645071767477,-0.2307152875175315,-0.019739786935633073,-0.023544507773566883
673,-0.05630986840142042,-0.06436692429351555,-0.016576646474292023,-0.01848646713019605
674,-0.21361642445764076,0.008847841007430395,-0.20491778818895282,-0.20270955805556382
675,-0.091820596222136,0.044627137357882485,-0.15007012622720894,-0.15579958819492107
676,-0.15618752051565155,-0.09185043716988452,-0.10454776043687147,-0.10586076213780547
677,-0.06881322550804213,-0.24002566321506366,0.04482110351824773,0.03391423711617081
678,-0.005416132016352838,-0.13582107367729998,0.08650890752290291,0.07937692101101129
679,-0.06315836590970128,-0.11159022410551757,0.03482438602250007,0.03109426755393751
680,-0.06967861299274863,-0.23083465130852554,0.08258482289397509,0.09186535764375875
681,-0.055563844707707914,-0.038957357285667384,-0.027035898660141444,-0.018710274238309805
682,-0.023932440094297392,-0.14290829876756883,0.03989734713974515,0.043358897078571206
683,0.00425233505416132,0.058562859956432206,-0.007445316463250871,-0.021008027214944346
684,-0.061054579093432,-0.30364656381486677,0.1499955238578377,0.14410193667750887
685,-0.22237474262182566,-0.22846229596251977,-0.021351198114052096,-0.02396228104204589
686,-0.10468204470173971,-0.26474888842469635,0.02433529288890215,0.030512369072841744
687,-0.2508877681955179,-0.2614663841723613,-0.09996717495747663,-0.1005789143863209
688,-0.14856315836590966,-0.1225567724030915,-0.021172152427561097,-0.026066067858315178
689,0.030184118647608244,-0.03785324221897287,0.022321028915878366,0.029706663483632236
690,-0.22565724687416072,0.05641431171854018,-0.13804422428456326,-0.13283697890244994
691,-0.09529706663483631,-0.049237563785025806,-0.12830115484467786,-0.13016621407895912
692,-0.16021604846169912,-0.2392647190474769,0.027916206618722204,0.02624511354480618
693,-0.08752349974635193,0.08077944555519083,-0.09132822058428573,-0.0888215809734117
694,-0.13708931395661123,-0.35045209035838976,0.09426755393751304,0.09475992957536329
695,-0.07042463668646115,-0.22743278326519648,0.11162006505326608,0.12128853212378024
696,-0.11599176389842139,-0.17625555787651812,-0.014995076243621494,-0.01148876488317269
697,-0.06593357405031182,-0.07485601742711348,-0.02811017277908746,-0.03270567873235654
698,-0.2065888812628689,-0.02255975649786637,-0.18286532780281098,-0.1893706544119841
699,-0.1899376324192056,-0.15042821760019096,-0.02796096804034496,-0.026647966339410932
700,-0.23484825878069884,-0.13261317179433618,-0.031124108501686013,-0.04892423383366655
701,-0.043120169496583205,-0.06659007490077884,-0.08625525946704066,-0.08397242696428038
702,-0.04647727611828951,-0.08048103607770582,0.0860016114111784,0.08362925606517262
703,0.07272238966309569,-0.1467876219748739,0.16334934797529166,0.15942526334636384
704,0.08437527975888512,-0.24921667512160178,0.1918772940228581,0.1957267762824147
705,0.11472352361911013,0.055802572289695915,0.04978962131837306,0.054519411536510395
706,-0.08976157082748946,-0.05414639968965413,-0.04531347915609799,-0.04761123213273253
707,-0.14602667780728715,-0.25754229954343344,-0.0091164095371669,-0.009071648115544149
708,-0.026066067858315178,-0.2026051147384441,0.12692847124824683,0.12022917847870845
709,-0.31001760615917157,-0.11629017337590641,-0.20524603861418636,-0.20584285756915638
710,-0.11733460654710391,-0.2318940049535973,0.08085404792456206,0.076616633344275
711,-0.20657396078899462,-0.36012055742890386,0.07060368237295216,0.08379338127778937
712,-0.0518486467130196,-0.379860344364537,0.122526931455343,0.12240756766434902
713,0.0024917191369997907,0.1737190773178956,-0.07375190236041895,-0.07467697174062247
714,-0.19205633970934916,-0.15832114827966934,-0.0737071409387962,-0.07827280594431678
715,-0.11236608874697858,-0.303363074811256,0.02855778699531497,0.04297096475784071
716,-0.3427083644176539,-0.1406105457909343,-0.22680612336247796,-0.2341768374563576
717,-0.011906538151651694,0.036495479096416095,-0.016322998418429765,-0.016949658321148278
718,-0.0881650801229447,-0.19818865447166598,0.0334367819521948,0.030064754856614237
719,-0.1036972934260392,-0.26343588672376234,0.11336576049655336,0.10772582137208676
720,-0.05093849780669033,-0.21607830264689207,0.04225478201187669,0.045611888633582995
721,-0.428874101041449,-0.31855211721524274,-0.1481603055713049,-0.13990928351884452
722,-0.03855450449106263,-0.09647578407090208,0.03816657217033212,0.05356450120855837
723,-0.02624511354480618,-0.09188027811763301,0.02188833517352511,0.011996060994897197
724,0.000731103219838262,-0.15751544269045983,0.153531676166035,0.15320342574080148
725,-0.2512458595684998,-0.21375070872250898,-0.029736504431380734,-0.029721583957506487
726,0.03779356032347587,-0.09135806153203424,0.11922950672913368,0.136179165050282
727,-0.27729700695294074,-0.260496553370535,-0.09174599385276473,-0.07849661305243054
728,0.0041478917370415674,0.021022947688818596,-0.013249380800334217,-0.007922771627226878
729,-0.019411536510399566,-0.015502372355346003,-0.03819641311808062,-0.03263107636298528
730,-0.2304019575661723,-0.30706335233207,-0.011205275879561933,-0.006803736086658111
731,-0.007057384142520366,0.059577452179881224,-0.0736176180955507,-0.08022738802184357
732,0.04292620333621795,0.16194682343111216,-0.05090865685894184,-0.049192802363403065
733,-0.13412013965563546,0.05477305959237264,-0.08328608516606485,-0.07858613589567603
734,-0.1246008773238638,-0.10866581122616452,-0.10217540509086569,-0.10128017665841066
735,0.1043836352242547,0.03391423711617081,0.06936528304138938,0.056265106979797676
736,0.04206081585151144,0.007475157410999372,-0.02208230133389036,-0.016666169317537522
737,-0.07806391931007728,-0.2134224582972755,0.05304228462295962,0.06115902241055175
738,-0.06870878219092237,-0.1553370535048193,0.02873683268180597,0.033600907164811546
739,-0.25439407955596666,-0.21765987287756255,-0.09441675867625554,-0.09025394646533973
740,0.1045029990152487,-0.091999641908627,0.14463907373698187,0.13716391632598252
741,0.12907701948613887,0.17188385903136283,0.044537614514636975,0.047775357345349274
742,-0.0916713914833935,-0.09922115126376413,-0.045432842947091996,-0.03861418638655963
743,0.024887350422249408,-0.0762287010235445,0.04170272447852943,0.04434364835427172
744,-0.014443018710274239,-0.08619557757154366,-0.04128495121005043,-0.03495867028736832
745,-0.33509892274178626,-0.30473575840768696,-0.061651398048402,-0.05821968905732445
746,-0.0973710125033571,-0.17988123302796094,0.08361433559129836,0.07804899883620303
747,-0.01286144847960371,-0.10125033571066216,0.07561696159470024,0.07724329324699351
748,0.07406523231177821,-0.1201545761093372,0.10553251171257197,0.11091880278117631
749,-0.2032616155889111,0.01771060248873504,-0.19888991674375578,-0.20851362239264715
750,-0.010369729342603919,-0.20317209274566556,0.03886783444242189,0.03956909671451165
751,-0.09853480946554861,-0.33762048282653456,0.17992599444958368,0.16979499268896778
752,-0.1809107457252842,-0.25321536211990087,0.010190683656112916,0.011339560144430183
753,-0.0049237563785025805,-0.292217480827191,0.13765629196383275,0.13537345946107246
754,0.05252006803736086,-0.0399421085613679,0.07300587866670644,0.07761630509384977
755,-0.17188385903136283,0.03568977350720658,-0.19153412312375034,-0.19043000805705587
756,-0.14023753394407804,-0.08756826116797467,-0.11003849482259555,-0.11472352361911013
757,-0.08911999045089672,-0.14302766255856283,-0.0033421861478320552,0.007251350302885619
758,-0.039688460505505646,0.013622392647190472,0.054758139118498396,0.06239742174211452
759,-0.05163976007878009,-0.2675240965653069,0.0900152188833517,0.0820178448867536
760,-0.19065381516516963,-0.13144937483214464,-0.03236250783324878,-0.03125839276655426
761,-0.02020232162573483,0.00854943152994539,0.03145235892691951,0.013995404494046728
762,-0.042657634806481444,0.03883799349467339,-0.08485273492286115,-0.08258482289397509
763,-0.25242457700456566,-0.013607472173316221,-0.19095222464265463,-0.19823341589328874
764,-0.11457431888036762,-0.09519262331771655,-0.036361194831547844,-0.04323953328757721
765,0.03879323207305063,0.028945719316045473,0.02955745874488973,0.02805049088359046
766,-0.06514278893497656,-0.26531586643191785,0.08322640327056785,0.08052579749932856
767,0.010683059293963175,-0.16754200113395598,0.10157858613589567,0.09073140162931573
768,0.05677240309152218,0.05909999701590521,-0.03097490376294351,-0.024857509474500907
769,-0.08128674166691532,-0.2102443973620602,0.02296260929247113,0.024767986631255408
770,-0.09437199725463279,-0.1291516218555101,-0.02079914058070484,-0.017606159171615288
771,-0.1254065829130733,-0.14965235295872995,-0.03176568887827877,-0.020843902002327594
772,-0.2769836770015815,0.027975888514219206,-0.2182119304109098,-0.21780907761630505
773,0.05428068395452239,-0.22598549729939418,0.08001850138760407,0.07889946584703529
774,-0.11393273850377486,-0.13240428516009667,0.0042075736325385684,0.007564680254244874
775,-0.16115603831577688,-0.12563039002118706,-0.10495061323147621,-0.10113097191966816
776,-0.2296410133985855,-0.0520575333472591,-0.009250693802035151,-0.01471158724001074
777,-0.0021485482378920348,-0.18668496911461904,0.12536182149145056,0.11342544239205034
778,-0.3000208886634239,-0.3075855689176688,-0.09471516815374055,-0.1005192324908239
779,-0.16248396049058514,-0.021172152427561097,-0.1320014323654919,-0.13024081644833038
780,-0.16500552057533346,-0.3078839783951538,0.005714541493837843,0.011175434931813432
781,-0.04956581421025932,-0.15374056280027454,-0.008668795320939391,-0.019456297932022318
782,-0.08770254543284293,-0.22947688818596873,0.057831756736593944,0.06393423055116229
783,-0.16542329384381246,-0.1186625287219122,-0.09340216645280652,-0.09580436274656082
784,-0.01041449076422667,0.053788308316672126,0.0043269374235325704,0.011817015308406191
785,-0.08559875861657365,-0.1690638894691295,-0.047476947867864286,-0.045149353943481234
786,-0.1556951448778013,-0.321312404881979,0.05150547581391184,0.06453104950613231
787,0.0677091104413476,-0.053087046044582364,0.08919459282026797,0.08931395661126196
788,-0.08136134403628659,-0.24190564292321923,0.027423830980871946,0.024917191369997906
789,-0.19069857658679235,-0.11475336456685863,-0.18826653934528959,-0.1857748202082898
790,-0.03264599683685953,-0.1099340515054758,0.08709080600399867,0.08671779415714241
791,-0.06823132702694637,-0.11021754050908654,-0.015562054250843007,-0.030945062815195008
792,-0.08738921548148368,0.138984214138641,-0.18696845811822982,-0.1921309420787204
793,-0.14104323953328757,-0.23659395422398613,0.03107934708006326,0.029050162633165223
794,-0.01650204410492077,-0.17130196055026706,0.17682253588373964,0.1728686103070633
795,0.06833577034406611,-0.029050162633165223,0.039419891975769145,0.03398883948554206
796,-0.05701113067351018,-0.049207722837277305,-0.017382352063501534,-0.001044433171197517
797,-0.04170272447852943,-0.1033093611053087,0.055295276177971406,0.05348989883918713
798,-0.10926263018113454,-0.26522634358867236,0.008668795320939391,0.004043448419921816
799,-0.136835665900749,-0.09902718510339885,-0.077153770403748,-0.06603801736743159
800,-0.12498880964459429,-0.18796812986780456,-0.0006415803765927604,0.01842678523469905
801,-0.048804870042672546,-0.39075229029273967,0.16294649518068693,0.16057413983468113
802,-0.0797051714362448,-0.25919847214347524,0.05304228462295962,0.06559040315120407
803,-0.08785175017158543,-0.023007370714093874,-0.04122526931455343,-0.040703052728954664
804,0.0022977529766345377,-0.00553549580734684,0.042941123810092206,0.042612873384858696
805,0.14080451195129956,-0.11669302617051115,0.1164990600101459,0.1154844677866969
806,-0.0578765181582167,-0.16966070842409953,0.10037002775208138,0.10056399391244664
807,-0.09246217659872875,-0.2399809017934409,-0.008668795320939391,-0.006908179403777863
808,-0.14962251201098148,0.027065739607889938,-0.13562710751693471,-0.122228521977858
809,0.01924741129778281,-0.1302258959744561,0.03806212885321237,0.05437020679776789
810,-0.17598698934678164,0.009847512757005161,-0.12901733759064188,-0.14080451195129956
811,-0.1512339231894005,-0.06967861299274863,-0.15602339530303477,-0.153113902897556
812,-0.22770135179493298,-0.31213631344931514,0.01462206439676524,0.017606159171615288
813,-0.013383665065202468,-0.14117752379815582,0.14380352720002387,0.14844379457491566
814,-0.034376771806272556,-0.1097251648712363,0.011279878248933185,0.006923099877652114
815,-0.1863119572677628,-0.05231118140312136,-0.15696338515711256,-0.1539196084867655
816,-0.11846856256154695,-0.32420697681358357,0.16797469487630923,0.16700486407448295
817,-0.0485213810390618,-0.09513294142221955,-0.02545432842947092,-0.0274685924024947
818,-0.15938050192474112,-0.23595237384739337,-0.04041956372534391,-0.02696129629077019
819,-0.037271343737877105,-0.1286144847960371,0.012309390946256452,0.014920473874250245
820,-0.04686520843902001,-0.24503894243681174,0.12248217003372026,0.1255259467040673
821,-0.16209602816985466,-0.08961236608874697,-0.02934857211065023,-0.023126734505087874
822,-0.09674435260063859,-0.10974008534511055,0.03712213899913461,0.03463041986213482
823,-0.17255528035570408,-0.12533198054370207,-0.09240249470323177,-0.09007490077884871
824,0.00802721494434663,-0.12316851183193576,0.10956103965861955,0.11018769956133805
825,-0.0007758646414610126,-0.1217212258661335,0.041613201635283925,0.04458237593625973
826,-0.0801826266002208,-0.17637492166751212,0.04219510011637969,0.04334397660469696
827,-0.08154038972277759,-0.0823460953119871,0.005087881591119333,0.0012980812270597711
828,-0.20375399122676133,-0.08303243711020261,-0.20233654620870756,-0.2090059980304974
829,-0.13018113455283337,-0.0794067619587598,-0.1005789143863209,-0.09996717495747663
830,-0.08580764525081315,-0.19951657664647426,0.026603204917788188,0.02332070066545313
831,-0.123422159887798,-0.20551460714392286,0.09026886693921397,0.08464384828862163
832,-0.11205275879561934,-0.00798245352272388,-0.04458237593625973,-0.045731252424577
833,-0.11539494494345139,-0.28601056369550293,0.12989764554922262,0.12988272507534837
834,-0.17712094536122464,-0.3293545403001999,0.011802094834531943,0.023738473933932143
835,-0.06011458923935423,-0.11748381128584642,0.03533168213422458,0.039658619557757145
836,-0.11937871146787621,-0.1515174121930112,-0.00040285279460475654,-0.001417445018053773
837,-0.052415624720241104,0.10071319865118913,-0.09489421384023156,-0.0981170361970696
838,0.017934409596848794,-0.1745247829071051,0.0983557637790576,0.10665154725314074
839,-0.06494882277461131,-0.2753125839276655,0.03109426755393751,0.03185521172152427
840,0.010832264032705676,-0.1213929754409,0.05865238279967771,0.05842857569156395
841,-0.35155620542508426,-0.5531168869923307,-0.019560741249142068,-0.011503685357046937
842,-0.10219032556473992,-0.11382829518665512,-0.09414819014651903,-0.09420787204201603
843,-0.09176091432663899,-0.3454835725582644,0.10371221389991345,0.11739428844260091
844,0.018501387604070302,-0.23775775118617765,0.08982125272298648,0.0913133001104115
845,-0.10481632896660796,-0.15673957804899882,-0.008624033899316642,-0.0019545820775267817
846,-0.2052908000358091,-0.2012771925636358,-0.013831279281429975,-0.0152338038256095
847,-0.1643042583032437,-0.18908716540837334,0.017486795380621287,0.019187729402285813
848,-0.11230640685148158,-0.1217809077616305,-0.045268717734475244,-0.04216525916863119
849,-0.08536003103458564,-0.0647697770881203,-0.008952284324550147,-0.009862433230879411
850,-0.10941183491987704,-0.026618125391662435,-0.10996389245322429,-0.11099340515054756
851,-0.04955089373638506,-0.07000686341798214,-0.00183521828653278,-0.0005818984810957594
852,-0.2686282116320014,-0.4011070991614693,-0.10624869445853599,-0.10641281967115275
853,-0.08533019008683715,-0.06942496493688638,-0.011056071140819431,-0.005207245382113335
854,-0.01477126913550774,-0.14493748321446687,0.0896869684581182,0.09319327981856702
855,-0.01903852466354331,-0.1306884306645579,0.062457103637611526,0.0642326400286473
856,-0.04001671093073915,-0.06976813583599413,0.006878338456029363,0.009951956074124912
857,-2.9840947748500487e-05,-0.012145265733639698,-0.02506639610874041,-0.010145922234490165
858,0.21475038047208375,-0.28087792068276085,0.28999433021992777,0.30980871952493205
859,0.019292172719405566,-0.10668138820088925,-0.008459908686699888,-0.006833577034406612
860,-0.28590612037838314,-0.17952314165497893,-0.1496672734326042,-0.16393124645638743
861,0.0731700038793232,-0.25073856345677537,0.17025752737906952,0.17282384888544058
862,-0.1313747724627734,-0.1657067828474232,0.03879323207305063,0.034675181283757565
863,-0.00604279191907135,-0.24621765987287753,0.14775745277670016,0.1450120855838381
864,-0.1818954970009847,-0.10918802781176327,-0.18689385574885853,-0.17744919578645815
865,0.0019545820775267817,-0.14866760168302942,0.12198979439586999,0.13414998060338396
866,-0.19544328727880395,-0.02015756020411208,-0.1257646742860553,-0.12882337143027658
867,-0.060711408194324246,-0.09923607173763838,-0.027319387663752196,-0.022321028915878366
868,-0.045776013846199747,-0.11831935782280444,0.021619766643788604,0.01900868371579481
869,0.024245770045656645,-0.044537614514636975,-0.009265614275909401,-0.014368416340902985
870,-0.185013876040703,-0.12533198054370207,-0.16884008236101578,-0.17055593685655454
871,-0.08433051833726238,-0.228715944018382,0.05477305959237264,0.05081913401569633
872,-0.011354480618304436,-0.30586971442213,0.1465488943928859,0.14620572349377814
873,-0.21287040076392824,-0.24397958879173998,-0.08225657246874159,-0.08288323237146011
874,-0.09383486019515978,0.019754707409507324,-0.0734385724090597,-0.07980961475336455
875,-0.15330786905792124,-0.054832741487869645,-0.12110948643728923,-0.12346692130942079
876,-0.11166482647488882,-0.08788159111933394,-0.137909940019695,-0.13908865745576077
877,-0.10189191608725492,-0.031885052669272766,-0.0518188057652711,-0.061532034257408004
878,-0.11997553042284621,0.0366446838351586,-0.0742144370505207,-0.0797648533317418
879,-0.1488317268956462,-0.2066187222106174,0.023544507773566883,0.0215004028527946
880,-0.04946137089313955,-0.17386828205663807,0.011742412939034943,0.010862104980454177
881,-0.2725224553131807,-0.2543791590820924,-0.12800274536719286,-0.1252275372265823
882,0.023947360568171643,0.08541971293008264,-0.06866402076929963,-0.06829100892244336
883,-0.022127062755513113,-0.19859150726627076,0.03574945540270358,0.03172092745665602
884,0.09719196681686608,-0.1106502342514398,0.1101727790874638,0.11600668437229565
885,-0.14534033600907162,-0.0009101489063292648,-0.02757303571961445,-0.03512279549998507
886,-0.1392677031422518,0.018635671868938553,-0.0916117095878965,-0.08604637283280114
887,-0.14548954074781414,-0.24430783921697352,-0.03236250783324878,-0.03119871087105726
888,-0.16622899943302194,0.04619378711467875,-0.16311062039330365,-0.16111127689415414
889,-0.04162812210915818,-0.1303303392915759,0.04625346901017575,0.05061024738145683
890,0.018247739548208047,-0.15866431917877707,0.037032616155889105,0.03552564829458983
891,0.05687684640864193,-0.10774074184596101,0.058667303273551956,0.06214377368625226
892,-0.10680075199188324,-0.15318850526692726,0.03216854167288353,0.03307869057921279
893,-0.1342842648682522,-0.12206439676524125,0.012383993315627704,0.018173137178836795
894,-0.17786696905493715,-0.028886037420548478,-0.10181731371788368,-0.10732296857748201
895,-0.16797469487630923,-0.338545552206738,0.03383963474679955,0.028513025573692216
896,-0.1960251857598997,-0.32040225597564975,-0.05887618990779146,-0.06281519501059353
897,-0.2858016770612634,-0.008624033899316642,-0.12418310405538478,-0.13652233594938976
898,-0.061726000417773264,-0.08547939482557965,-0.04764107308048104,-0.03495867028736832
899,-0.017352511115753033,-0.030691414759332757,-0.0009698308018262658,0.0009996717495747663
900,-0.1585449553877831,-0.13987944257109602,-0.06385962818179104,-0.062427262689863025
901,-0.09756497866372234,-0.05859270090418071,-0.11333591954880486,-0.1269732326698696
902,0.1133806809704276,0.05256482945898361,0.06547103936021006,0.06338217301781503
903,0.0666945182178986,-0.08798603443645368,0.10086240338993166,0.10311539494494343
904,0.05117722538867833,-0.035585330190086834,-0.025767658380830172,-0.026066067858315178
905,-0.184058965712751,-0.0885828533914237,-0.13892453224314402,-0.1458625525946704
906,-0.1012652561845364,-0.07930231864164006,-0.05135627107516934,-0.06382978723404255
907,-0.053474978365312884,0.014845871504878993,-0.0702903524215929,-0.08279370952821459
908,-0.09486437289248305,-0.25248425890006265,0.0797648533317418,0.07831756736593953
909,-0.0489093133597923,-0.18046313150905668,0.08946316135000447,0.0884933305481782
910,-0.06582913073319208,-0.37281788069589084,0.09656530691414758,0.11667810569663692
911,-0.05723493778162393,-0.2501417445018054,0.11288830533257735,0.10865089075229026
912,-0.09355137119154902,-0.08462892781474739,-0.027035898660141444,-0.021455641431171853
913,0.004789472113634328,-0.2835188445585031,0.21861478320551456,0.21864462415326305
914,0.09022410551759123,-0.16737787592133924,0.11508161499209213,0.0856435200381964
915,-0.10824803795768552,0.04816328966607979,-0.09511802094834532,-0.09511802094834532
916,0.07687028140013727,-0.06945480588463489,0.15861955775715436,0.16343887081853717
917,-0.050923577332816085,0.024290531467279396,-0.12203455581749274,-0.11842380113992418
918,-0.12630181134552831,-0.26242129450031326,0.06951448778013189,0.07433380084151471
919,-0.10381665721703319,-0.009996717495747662,-0.12865924621765984,-0.13276237653307868
920,-0.15275581152457401,-0.15579958819492107,-0.004237414580287069,-0.0022828325027602872
921,-0.31425502073945866,-0.05663811882665393,-0.20467906060696486,-0.20442541255110258
922,-0.1793590164423622,-0.32258064516129026,0.015576974724717254,0.013607472173316221
923,-0.015741099937334007,-0.17555429560442837,0.07363253856942495,0.0732296857748202
924,-0.0400017904568649,0.00020888663423950345,-0.11919966578138519,-0.11511145593984062
925,-0.023425143982572883,-0.2952463370236638,0.13483632240159946,0.13088239682492314
926,-0.41589328877085124,-0.3578824863477663,-0.10365253200441644,-0.1099042105577273
927,0.07272238966309569,-0.08130166214078959,0.14053594342156306,0.12974844081048012
928,0.022738802184357372,-0.11570827489481064,0.03395899853779356,0.0246486228402614
929,-0.31871624242785945,-0.15448658649398703,-0.2406821640655307,-0.23853361582763866
930,-0.2184804989406463,-0.2233445734236519,-0.07588553012443675,-0.07813852167944853
931,-0.009534182805645905,0.009847512757005161,0.0852555877174659,0.09068664020769297
932,-0.025514010324967917,-0.12415326310763629,0.03725642326400286,0.02866223031243472
933,-0.013458267434573722,-0.24890334517024254,0.1881770165020441,0.18862463071827162
934,-0.021097550058189845,-0.03692817283876935,-0.058204768583450195,-0.054056876846408634
935,-0.06029363492584524,-0.13893945271701827,-0.02500671421324341,-0.011861776730028945
936,-0.2238518695353764,-0.08421115454626837,-0.13870072513503026,-0.13294142221956967
937,-0.14857807883978394,-0.3189400495359732,0.021470561905046103,0.018695353764435558
938,0.06811196323595237,-0.1564113276237653,0.11806570976694218,0.12079615648592998
939,-0.20381367312225834,-0.10037002775208138,-0.056399391244665927,-0.045044910626361484
940,-0.002267912028886037,-0.05292292083196561,0.10029542538271013,0.11157530363164334
941,-0.06943988541076063,-0.13510489093133596,0.0017307749694130284,0.0018501387604070304
942,-0.12122885022828324,-0.15327802811017274,-0.0005222165855987585,-0.004520903583897823
943,-0.10275730357196143,-0.09337232550505803,-0.02948285637551848,-0.03063173286383575
944,-0.24864969711438034,-0.3394706215869415,0.012339231894004953,0.0017158544955387781
945,-0.010295126973232668,-0.009578944227268656,-0.062367580794366016,-0.06309868401420429
946,-0.13513473187908445,-0.35537584673689226,0.13628360836740172,0.1349109247709707
947,-0.03227298499000328,-0.059980304974485976,0.002954253827101548,-0.005938348601951597
948,0.03501835218286532,-0.30196055026707647,0.2405180388529139,0.2465906717197338
949,-0.18696845811822982,0.025021634687117662,-0.12204947629136698,-0.12524245770045656
950,-0.12751036972934257,-0.09168631195726776,-0.031228551818805763,-0.02863238936468622
951,-0.10551759123869772,-0.14134164901077256,0.09396914446002805,0.09501357763122555
952,-0.08950792277162722,-0.08840380770493268,-0.007057384142520366,-0.007519918832622122
953,0.12848020053116885,-0.11039658619557756,0.15955954761123212,0.15584434961654378
954,-0.12428754737250453,-0.02508131658261466,-0.0979081495628301,-0.09331264360956103
955,-0.13265793321595892,-0.10538330697382949,-0.07246874160723343,-0.0794067619587598
956,-0.1973829488824565,-0.21367610635313777,-0.04586553668944525,-0.04162812210915818
957,-0.0017158544955387781,-0.08515114440034614,-0.0056399391244665925,-0.0056399391244665925
958,-0.09762466055921934,-0.09565515800781832,-0.1126346572767151,-0.11391781802990061
959,-0.13711915490435975,-0.17920981170361966,-0.0394646533973919,-0.038464981647817136
960,-0.184178329503745,0.04209065679925994,-0.2128256393423055,-0.2159440183820238
961,-0.15811226164542982,-0.3369490615021932,0.18138820088926022,0.18095550714690697
962,-0.11579779773805614,-0.1771060248873504,0.10974008534511055,0.11363432902628987
963,0.01102623019307093,0.07490077884873622,0.00796753304884963,-0.0028945719316045473
964,-0.020649935841962338,-0.2789681000268568,0.169332457998866,0.16809405866730323
965,0.043821431768672967,0.09962400405836888,-0.01781504580585479,-0.01635283936617827
966,-0.17917997075587117,-0.36388051684521494,0.051371191549043585,0.04750678881561277
967,0.2832502760287666,-0.0047148697442630765,0.2489331861179911,0.2389364686222434
968,0.05629494792754617,-0.2626003401868043,0.16572170332129746,0.15585927009041806
969,-0.22532899644892718,-0.47902181373280406,0.07812360120557427,0.07282683298021543
970,0.17403240726925487,-0.2238220285876279,0.3554056876846408,0.36586493987049024
971,-0.07482617647936497,-0.15699322610486108,0.06578436931156932,0.06372534391692279
972,-0.1501447285965802,-0.14959267106323296,-0.011250037301184684,-0.010504013607472173
973,-0.12945003133299512,-0.08518098534809465,-0.11742412939034942,-0.1290024171167676
974,0.03767419653248187,0.04443317119751723,-0.06244218316373728,-0.06512786846110231
975,0.1403419772611978,0.08380830175166362,-0.0013876040703052729,-0.000984751275700516
976,-0.27805795112052756,-0.04628330995792426,-0.17010832264032702,-0.17060069827817728
977,0.026677807287159436,-0.2117662856972337,0.1594700247679866,0.14772761182895167
978,-0.06427740145027004,-0.30819730834651304,0.12668974366625882,0.12254185192921727
979,0.02628987496642893,0.12646593655814506,-0.030601891916087254,-0.03495867028736832
980,-0.13459759481961145,-0.02208230133389036,-0.10882993643878128,-0.10687535436125449
981,0.1314344543582704,-0.2071260183223419,0.21181104711885645,0.20306764942854585
982,0.013234460326459965,0.12063203127331322,-0.04156844021366118,-0.04189669063889469
983,-0.11173942884426007,-0.18647608248037956,-0.03879323207305063,-0.03715197994688311
984,-0.00856435200381964,-0.335263047954403,0.14262480976395808,0.14025245441795228
985,-0.2160633821730178,-0.22662707767598694,0.00547581391184984,0.0017307749694130284
986,-0.07217033212974842,-0.260735280952523,0.014666825818387989,0.010116081286741666
987,-0.04406015935066097,-0.004237414580287069,-0.023544507773566883,-0.023425143982572883
988,-0.1249291277490973,-0.20369430933126434,0.04729790218137327,0.027796842827728208
989,0.14911521589925694,-0.15007012622720894,0.13899913461251528,0.13884992987377276
990,-0.022335949389752616,-0.29991644534630413,0.08482289397511264,0.08239085673360985
991,0.05104294112381008,0.04792456208409178,-0.008146578735340634,-0.00850467010832264
992,-0.11978156426248096,-0.0430008057055892,-0.022276267494255615,-0.019948673569872576
993,-0.1772552296260929,-0.15669481662737605,-0.041643042583032426,-0.04246366864611619
994,0.016636328369789025,-0.09347676882217777,0.09411834919877053,0.1009071648115544
995,-0.18962430246784637,-0.0004625346901017576,-0.12761481304646236,-0.12663006177076183
996,0.037166900420757355,-0.08812031870132193,0.05328101220494762,0.051401032496792086
997,-0.10526394318283548,-0.08755334069410044,-0.021112470532064095,-0.019739786935633073
998,-0.10963564202799078,-0.10392110053415295,-0.008862761481304644,0.0065351675569216075
999,-0.0369430933126436,-0.23393810987436955,0.15004028527946045,0.14443018710274236
1000,-0.1964429590283787,-0.06141267046641401,-0.13646265405389274,-0.13532869803944972
